timestamp,machine_id,temperature,vibration,humidity,pressure,energy_consumption,machine_status,anomaly_flag,predicted_remaining_life,failure_type,downtime_risk,maintenance_required
2025-01-14 12:41:00,20,60.98,52.56,76.67,4.72,1.67,1,0,241,Normal,0.0,0
2025-03-10 09:58:00,17,62.79,79.95,33.81,4.16,3.41,1,0,382,Normal,0.0,0
2025-02-20 11:52:00,38,66.29,51.97,77.06,4.49,4.06,1,0,141,Normal,0.0,0
2025-02-20 20:46:00,16,69.05,44.57,71.64,2.68,2.17,1,0,69,Normal,0.0,0
2025-01-19 03:22:00,12,88.11,68.61,40.16,4.78,0.53,1,0,363,Normal,0.0,0
2025-02-01 08:36:00,46,69.8,56.36,37.77,1.91,4.83,0,0,305,Normal,0.0,0
2025-01-09 17:52:00,17,65.45,19.55,61.02,3.62,3.72,1,0,164,Normal,0.0,0
2025-01-09 17:52:00,17,65.45,19.55,61.02,3.62,3.72,1,0,164,Normal,0.0,0
2025-02-20 11:52:00,38,66.29,51.97,77.06,4.49,4.06,1,0,141,Normal,0.0,0
2025-01-12 07:15:00,7,73.74,47.29,35.35,1.12,3.81,1,0,58,Normal,0.0,0
2025-03-09 13:09:00,18,55.0,59.46,45.17,4.12,2.79,1,0,322,Normal,0.0,0
2025-01-28 09:52:00,1,72.06,58.46,59.35,1.66,1.75,0,0,491,Normal,0.0,0
2025-01-09 17:52:00,17,65.45,19.55,61.02,3.62,3.72,1,0,164,Normal,0.0,0
2025-02-20 11:52:00,38,66.29,51.97,77.06,4.49,4.06,1,0,141,Normal,0.0,0
2025-01-11 11:13:00,27,70.11,67.37,35.23,1.87,2.44,1,0,69,Normal,0.0,0
2025-01-09 17:52:00,17,65.45,19.55,61.02,3.62,3.72,1,0,164,Normal,0.0,0
2025-01-24 14:11:00,20,86.47,72.79,72.87,4.59,4.75,1,0,219,Normal,0.0,0
2025-02-26 11:34:00,4,76.01,46.26,53.4,2.3,3.99,1,0,158,Normal,0.0,0
2025-01-19 03:22:00,12,88.11,68.61,40.16,4.78,0.53,1,0,363,Normal,0.0,0
2025-02-20 11:52:00,38,66.29,51.97,77.06,4.49,4.06,1,0,141,Normal,0.0,0
2025-01-12 07:15:00,7,73.74,47.29,35.35,1.12,3.81,1,0,58,Normal,0.0,0
2025-03-06 16:37:00,24,75.33,47.75,65.25,2.12,0.89,1,0,489,Normal,0.0,0
2025-03-09 13:09:00,18,55.0,59.46,45.17,4.12,2.79,1,0,322,Normal,0.0,0
2025-02-18 01:28:00,44,72.3,51.04,77.71,4.9,3.53,1,0,117,Normal,0.0,0
2025-02-03 22:51:00,16,79.85,29.57,31.83,3.44,0.7,1,0,472,Normal,0.0,0
2025-01-14 22:52:00,21,71.78,49.16,79.84,1.74,2.58,1,0,418,Normal,0.0,0
2025-02-26 11:34:00,4,76.01,46.26,53.4,2.3,3.99,1,0,158,Normal,0.0,0
2025-01-26 11:41:00,5,60.1,51.88,67.08,3.29,3.91,0,0,249,Normal,0.0,0
2025-03-10 09:58:00,17,62.79,79.95,33.81,4.16,3.41,1,0,382,Normal,0.0,0
2025-02-18 01:28:00,44,72.3,51.04,77.71,4.9,3.53,1,0,117,Normal,0.0,0
2025-02-18 01:28:00,44,72.3,51.04,77.71,4.9,3.53,1,0,117,Normal,0.0,0
2025-02-20 07:01:00,37,69.43,60.63,52.69,3.37,1.03,1,0,93,Normal,0.0,0
2025-02-18 01:28:00,44,72.3,51.04,77.71,4.9,3.53,1,0,117,Normal,0.0,0
2025-01-08 00:43:00,29,78.4,59.75,52.46,2.04,1.89,1,0,335,Normal,0.0,0
2025-01-04 18:44:00,46,68.19,75.78,44.91,4.53,3.56,1,0,491,Normal,0.0,0
2025-01-24 14:11:00,20,86.47,72.79,72.87,4.59,4.75,1,0,219,Normal,0.0,0
2025-01-12 07:15:00,7,73.74,47.29,35.35,1.12,3.81,1,0,58,Normal,0.0,0
2025-01-08 00:43:00,29,78.4,59.75,52.46,2.04,1.89,1,0,335,Normal,0.0,0
2025-02-18 01:28:00,44,72.3,51.04,77.71,4.9,3.53,1,0,117,Normal,0.0,0
2025-01-19 03:22:00,12,88.11,68.61,40.16,4.78,0.53,1,0,363,Normal,0.0,0
2025-02-27 00:22:00,33,69.78,52.92,34.99,4.89,4.17,0,0,27,Normal,0.0,0
2025-01-20 07:02:00,2,89.75,33.87,44.11,2.11,1.79,0,0,220,Normal,0.0,0
2025-01-08 00:43:00,29,78.4,59.75,52.46,2.04,1.89,1,0,335,Normal,0.0,0
2025-01-28 09:52:00,1,72.06,58.46,59.35,1.66,1.75,0,0,491,Normal,0.0,0
2025-02-26 11:34:00,4,76.01,46.26,53.4,2.3,3.99,1,0,158,Normal,0.0,0
2025-01-12 07:15:00,7,73.74,47.29,35.35,1.12,3.81,1,0,58,Normal,0.0,0
2025-02-01 08:36:00,46,69.8,56.36,37.77,1.91,4.83,0,0,305,Normal,0.0,0
2025-01-28 09:52:00,1,72.06,58.46,59.35,1.66,1.75,0,0,491,Normal,0.0,0
2025-01-09 17:52:00,17,65.45,19.55,61.02,3.62,3.72,1,0,164,Normal,0.0,0
2025-01-06 14:09:00,15,81.75,76.71,63.41,4.29,0.68,1,0,486,Normal,0.0,0
2025-02-26 11:34:00,4,76.01,46.26,53.4,2.3,3.99,1,0,158,Normal,0.0,0
2025-02-22 14:38:00,36,72.27,57.91,57.49,4.79,1.57,1,0,95,Normal,0.0,0
2025-02-20 20:46:00,16,69.05,44.57,71.64,2.68,2.17,1,0,69,Normal,0.0,0
2025-02-18 01:28:00,44,72.3,51.04,77.71,4.9,3.53,1,0,117,Normal,0.0,0
2025-02-20 07:01:00,37,69.43,60.63,52.69,3.37,1.03,1,0,93,Normal,0.0,0
2025-02-08 01:36:00,46,75.75,53.23,49.48,1.8,1.46,1,0,291,Normal,0.0,0
2025-02-20 11:52:00,38,66.29,51.97,77.06,4.49,4.06,1,0,141,Normal,0.0,0
2025-01-27 08:46:00,50,80.99,64.13,76.83,4.49,4.56,1,0,168,Normal,0.0,0
2025-01-08 19:41:00,46,88.25,55.37,46.66,2.24,1.39,1,0,26,Normal,0.0,0
2025-03-10 08:07:00,18,89.68,34.0,43.68,1.57,3.04,1,0,344,Normal,0.0,0
2025-01-28 09:52:00,1,72.06,58.46,59.35,1.66,1.75,0,0,491,Normal,0.0,0
2025-01-09 17:52:00,17,65.45,19.55,61.02,3.62,3.72,1,0,164,Normal,0.0,0
2025-02-20 07:01:00,37,69.43,60.63,52.69,3.37,1.03,1,0,93,Normal,0.0,0
2025-01-20 07:02:00,2,89.75,33.87,44.11,2.11,1.79,0,0,220,Normal,0.0,0
2025-01-28 09:52:00,1,72.06,58.46,59.35,1.66,1.75,0,0,491,Normal,0.0,0
2025-01-20 07:02:00,2,89.75,33.87,44.11,2.11,1.79,0,0,220,Normal,0.0,0
2025-01-23 02:28:00,49,71.29,45.16,54.34,4.97,0.5,1,0,195,Normal,0.0,0
2025-01-08 00:43:00,29,78.4,59.75,52.46,2.04,1.89,1,0,335,Normal,0.0,0
2025-02-20 20:46:00,16,69.05,44.57,71.64,2.68,2.17,1,0,69,Normal,0.0,0
2025-01-11 11:13:00,27,70.11,67.37,35.23,1.87,2.44,1,0,69,Normal,0.0,0
2025-01-27 08:46:00,50,80.99,64.13,76.83,4.49,4.56,1,0,168,Normal,0.0,0
2025-02-18 01:28:00,44,72.3,51.04,77.71,4.9,3.53,1,0,117,Normal,0.0,0
2025-01-12 07:15:00,7,73.74,47.29,35.35,1.12,3.81,1,0,58,Normal,0.0,0
2025-02-21 18:43:00,48,78.47,36.49,32.85,4.82,3.84,1,0,201,Normal,0.0,0
2025-03-10 09:58:00,17,62.79,79.95,33.81,4.16,3.41,1,0,382,Normal,0.0,0
2025-02-20 11:52:00,38,66.29,51.97,77.06,4.49,4.06,1,0,141,Normal,0.0,0
2025-02-20 11:52:00,38,66.29,51.97,77.06,4.49,4.06,1,0,141,Normal,0.0,0
2025-02-18 01:28:00,44,72.3,51.04,77.71,4.9,3.53,1,0,117,Normal,0.0,0
2025-01-06 10:09:00,19,86.43,48.93,60.38,1.12,1.24,1,0,384,Normal,0.0,0
2025-01-08 00:43:00,29,78.4,59.75,52.46,2.04,1.89,1,0,335,Normal,0.0,0
2025-01-26 11:41:00,5,60.1,51.88,67.08,3.29,3.91,0,0,249,Normal,0.0,0
2025-02-21 18:43:00,48,78.47,36.49,32.85,4.82,3.84,1,0,201,Normal,0.0,0
2025-01-28 09:52:00,1,72.06,58.46,59.35,1.66,1.75,0,0,491,Normal,0.0,0
2025-02-20 11:52:00,38,66.29,51.97,77.06,4.49,4.06,1,0,141,Normal,0.0,0
2025-01-03 15:09:00,41,73.51,56.0,52.13,4.44,1.56,1,0,173,Normal,0.0,0
2025-02-26 11:34:00,4,76.01,46.26,53.4,2.3,3.99,1,0,158,Normal,0.0,0
2025-02-01 14:43:00,1,88.98,39.06,30.47,3.23,4.17,1,0,341,Normal,0.0,0
2025-01-09 17:52:00,17,65.45,19.55,61.02,3.62,3.72,1,0,164,Normal,0.0,0
2025-03-10 09:58:00,17,62.79,79.95,33.81,4.16,3.41,1,0,382,Normal,0.0,0
2025-01-08 00:43:00,29,78.4,59.75,52.46,2.04,1.89,1,0,335,Normal,0.0,0
2025-02-20 20:46:00,16,69.05,44.57,71.64,2.68,2.17,1,0,69,Normal,0.0,0
2025-02-22 14:38:00,36,72.27,57.91,57.49,4.79,1.57,1,0,95,Normal,0.0,0
2025-02-01 08:36:00,46,69.8,56.36,37.77,1.91,4.83,0,0,305,Normal,0.0,0
2025-01-18 11:21:00,31,57.23,45.04,41.02,3.89,1.48,1,0,305,Normal,0.0,0
2025-02-18 01:28:00,44,72.3,51.04,77.71,4.9,3.53,1,0,117,Normal,0.0,0
2025-01-23 02:28:00,49,71.29,45.16,54.34,4.97,0.5,1,0,195,Normal,0.0,0
2025-03-07 02:13:00,10,86.92,47.23,51.52,1.87,0.7,1,0,227,Normal,0.0,0
2025-01-27 08:46:00,50,80.99,64.13,76.83,4.49,4.56,1,0,168,Normal,0.0,0
2025-02-18 01:28:00,44,72.3,51.04,77.71,4.9,3.53,1,0,117,Normal,0.0,0
2025-02-08 01:36:00,46,75.75,53.23,49.48,1.8,1.46,1,0,291,Normal,0.0,0
2025-02-08 01:36:00,46,75.75,53.23,49.48,1.8,1.46,1,0,291,Normal,0.0,0
2025-02-20 11:52:00,38,66.29,51.97,77.06,4.49,4.06,1,0,141,Normal,0.0,0
2025-01-06 10:09:00,19,86.43,48.93,60.38,1.12,1.24,1,0,384,Normal,0.0,0
2025-02-01 14:43:00,1,88.98,39.06,30.47,3.23,4.17,1,0,341,Normal,0.0,0
2025-01-26 11:41:00,5,60.1,51.88,67.08,3.29,3.91,0,0,249,Normal,0.0,0
2025-02-18 01:28:00,44,72.3,51.04,77.71,4.9,3.53,1,0,117,Normal,0.0,0
2025-02-27 00:22:00,33,69.78,52.92,34.99,4.89,4.17,0,0,27,Normal,0.0,0
2025-02-20 11:52:00,38,66.29,51.97,77.06,4.49,4.06,1,0,141,Normal,0.0,0
2025-02-21 18:43:00,48,78.47,36.49,32.85,4.82,3.84,1,0,201,Normal,0.0,0
2025-01-11 11:13:00,27,70.11,67.37,35.23,1.87,2.44,1,0,69,Normal,0.0,0
2025-02-20 11:52:00,38,66.29,51.97,77.06,4.49,4.06,1,0,141,Normal,0.0,0
2025-02-21 18:43:00,48,78.47,36.49,32.85,4.82,3.84,1,0,201,Normal,0.0,0
2025-03-07 02:13:00,10,86.92,47.23,51.52,1.87,0.7,1,0,227,Normal,0.0,0
2025-02-18 01:28:00,44,72.3,51.04,77.71,4.9,3.53,1,0,117,Normal,0.0,0
2025-01-19 03:22:00,12,88.11,68.61,40.16,4.78,0.53,1,0,363,Normal,0.0,0
2025-02-20 20:46:00,16,69.05,44.57,71.64,2.68,2.17,1,0,69,Normal,0.0,0
2025-02-08 01:36:00,46,75.75,53.23,49.48,1.8,1.46,1,0,291,Normal,0.0,0
2025-02-20 20:46:00,16,69.05,44.57,71.64,2.68,2.17,1,0,69,Normal,0.0,0
2025-02-20 07:01:00,37,69.43,60.63,52.69,3.37,1.03,1,0,93,Normal,0.0,0
2025-02-20 11:52:00,38,66.29,51.97,77.06,4.49,4.06,1,0,141,Normal,0.0,0
2025-01-12 07:15:00,7,73.74,47.29,35.35,1.12,3.81,1,0,58,Normal,0.0,0
2025-01-18 11:21:00,31,57.23,45.04,41.02,3.89,1.48,1,0,305,Normal,0.0,0
2025-01-06 10:09:00,19,86.43,48.93,60.38,1.12,1.24,1,0,384,Normal,0.0,0
2025-01-12 07:15:00,7,73.74,47.29,35.35,1.12,3.81,1,0,58,Normal,0.0,0
2025-01-08 00:43:00,29,78.4,59.75,52.46,2.04,1.89,1,0,335,Normal,0.0,0
2025-02-01 08:36:00,46,69.8,56.36,37.77,1.91,4.83,0,0,305,Normal,0.0,0
2025-02-26 18:11:00,8,75.59,39.11,73.62,3.17,0.71,1,0,213,Normal,0.0,0
2025-03-10 09:58:00,17,62.79,79.95,33.81,4.16,3.41,1,0,382,Normal,0.0,0
2025-01-14 22:52:00,21,71.78,49.16,79.84,1.74,2.58,1,0,418,Normal,0.0,0
2025-01-12 07:15:00,7,73.74,47.29,35.35,1.12,3.81,1,0,58,Normal,0.0,0
2025-01-08 00:43:00,29,78.4,59.75,52.46,2.04,1.89,1,0,335,Normal,0.0,0
2025-01-23 02:28:00,49,71.29,45.16,54.34,4.97,0.5,1,0,195,Normal,0.0,0
2025-01-14 12:41:00,20,60.98,52.56,76.67,4.72,1.67,1,0,241,Normal,0.0,0
2025-01-28 09:52:00,1,72.06,58.46,59.35,1.66,1.75,0,0,491,Normal,0.0,0
2025-03-07 02:13:00,10,86.92,47.23,51.52,1.87,0.7,1,0,227,Normal,0.0,0
2025-03-10 09:58:00,17,62.79,79.95,33.81,4.16,3.41,1,0,382,Normal,0.0,0
2025-01-11 11:13:00,27,70.11,67.37,35.23,1.87,2.44,1,0,69,Normal,0.0,0
2025-01-09 17:52:00,17,65.45,19.55,61.02,3.62,3.72,1,0,164,Normal,0.0,0
2025-01-08 19:41:00,46,88.25,55.37,46.66,2.24,1.39,1,0,26,Normal,0.0,0
2025-02-18 01:28:00,44,72.3,51.04,77.71,4.9,3.53,1,0,117,Normal,0.0,0
2025-01-04 18:44:00,46,68.19,75.78,44.91,4.53,3.56,1,0,491,Normal,0.0,0
2025-02-22 14:38:00,36,72.27,57.91,57.49,4.79,1.57,1,0,95,Normal,0.0,0
2025-02-03 22:51:00,16,79.85,29.57,31.83,3.44,0.7,1,0,472,Normal,0.0,0
2025-01-26 11:41:00,5,60.1,51.88,67.08,3.29,3.91,0,0,249,Normal,0.0,0
2025-01-24 14:11:00,20,86.47,72.79,72.87,4.59,4.75,1,0,219,Normal,0.0,0
2025-01-14 22:52:00,21,71.78,49.16,79.84,1.74,2.58,1,0,418,Normal,0.0,0
2025-01-08 00:43:00,29,78.4,59.75,52.46,2.04,1.89,1,0,335,Normal,0.0,0
2025-02-18 01:28:00,44,72.3,51.04,77.71,4.9,3.53,1,0,117,Normal,0.0,0
2025-01-12 07:15:00,7,73.74,47.29,35.35,1.12,3.81,1,0,58,Normal,0.0,0
2025-02-20 07:01:00,37,69.43,60.63,52.69,3.37,1.03,1,0,93,Normal,0.0,0
2025-01-26 11:41:00,5,60.1,51.88,67.08,3.29,3.91,0,0,249,Normal,0.0,0
2025-01-26 11:41:00,5,60.1,51.88,67.08,3.29,3.91,0,0,249,Normal,0.0,0
2025-02-20 20:46:00,16,69.05,44.57,71.64,2.68,2.17,1,0,69,Normal,0.0,0
2025-01-06 14:09:00,15,81.75,76.71,63.41,4.29,0.68,1,0,486,Normal,0.0,0
2025-02-20 11:52:00,38,66.29,51.97,77.06,4.49,4.06,1,0,141,Normal,0.0,0
2025-02-18 01:28:00,44,72.3,51.04,77.71,4.9,3.53,1,0,117,Normal,0.0,0
2025-01-09 17:52:00,17,65.45,19.55,61.02,3.62,3.72,1,0,164,Normal,0.0,0
2025-02-18 01:28:00,44,72.3,51.04,77.71,4.9,3.53,1,0,117,Normal,0.0,0
2025-01-18 11:21:00,31,57.23,45.04,41.02,3.89,1.48,1,0,305,Normal,0.0,0
2025-01-08 00:43:00,29,78.4,59.75,52.46,2.04,1.89,1,0,335,Normal,0.0,0
2025-02-18 01:28:00,44,72.3,51.04,77.71,4.9,3.53,1,0,117,Normal,0.0,0
2025-01-12 07:15:00,7,73.74,47.29,35.35,1.12,3.81,1,0,58,Normal,0.0,0
2025-01-12 07:15:00,7,73.74,47.29,35.35,1.12,3.81,1,0,58,Normal,0.0,0
2025-03-10 09:58:00,17,62.79,79.95,33.81,4.16,3.41,1,0,382,Normal,0.0,0
2025-02-20 11:52:00,38,66.29,51.97,77.06,4.49,4.06,1,0,141,Normal,0.0,0
2025-01-08 00:43:00,29,78.4,59.75,52.46,2.04,1.89,1,0,335,Normal,0.0,0
2025-02-01 08:36:00,46,69.8,56.36,37.77,1.91,4.83,0,0,305,Normal,0.0,0
2025-02-18 01:28:00,44,72.3,51.04,77.71,4.9,3.53,1,0,117,Normal,0.0,0
2025-01-19 03:22:00,12,88.11,68.61,40.16,4.78,0.53,1,0,363,Normal,0.0,0
2025-01-08 00:43:00,29,78.4,59.75,52.46,2.04,1.89,1,0,335,Normal,0.0,0
2025-02-20 20:46:00,16,69.05,44.57,71.64,2.68,2.17,1,0,69,Normal,0.0,0
2025-02-20 11:52:00,38,66.29,51.97,77.06,4.49,4.06,1,0,141,Normal,0.0,0
2025-02-26 18:11:00,8,75.59,39.11,73.62,3.17,0.71,1,0,213,Normal,0.0,0
2025-02-03 22:51:00,16,79.85,29.57,31.83,3.44,0.7,1,0,472,Normal,0.0,0
2025-01-04 18:44:00,46,68.19,75.78,44.91,4.53,3.56,1,0,491,Normal,0.0,0
2025-01-14 12:41:00,20,60.98,52.56,76.67,4.72,1.67,1,0,241,Normal,0.0,0
2025-02-18 01:28:00,44,72.3,51.04,77.71,4.9,3.53,1,0,117,Normal,0.0,0
2025-03-06 16:37:00,24,75.33,47.75,65.25,2.12,0.89,1,0,489,Normal,0.0,0
2025-01-14 12:41:00,20,60.98,52.56,76.67,4.72,1.67,1,0,241,Normal,0.0,0
2025-02-21 18:43:00,48,78.47,36.49,32.85,4.82,3.84,1,0,201,Normal,0.0,0
2025-01-20 07:02:00,2,89.75,33.87,44.11,2.11,1.79,0,0,220,Normal,0.0,0
2025-01-09 17:52:00,17,65.45,19.55,61.02,3.62,3.72,1,0,164,Normal,0.0,0
2025-01-12 07:15:00,7,73.74,47.29,35.35,1.12,3.81,1,0,58,Normal,0.0,0
2025-01-15 18:55:00,42,73.12,52.58,74.23,4.98,1.6,1,0,434,Normal,0.0,0
2025-01-27 08:46:00,50,80.99,64.13,76.83,4.49,4.56,1,0,168,Normal,0.0,0
2025-02-03 22:51:00,16,79.85,29.57,31.83,3.44,0.7,1,0,472,Normal,0.0,0
2025-01-09 17:52:00,17,65.45,19.55,61.02,3.62,3.72,1,0,164,Normal,0.0,0
2025-01-09 17:52:00,17,65.45,19.55,61.02,3.62,3.72,1,0,164,Normal,0.0,0
2025-01-20 07:02:00,2,89.75,33.87,44.11,2.11,1.79,0,0,220,Normal,0.0,0
2025-01-18 11:21:00,31,57.23,45.04,41.02,3.89,1.48,1,0,305,Normal,0.0,0
2025-01-06 10:09:00,19,86.43,48.93,60.38,1.12,1.24,1,0,384,Normal,0.0,0
2025-01-09 17:52:00,17,65.45,19.55,61.02,3.62,3.72,1,0,164,Normal,0.0,0
2025-01-28 09:52:00,1,72.06,58.46,59.35,1.66,1.75,0,0,491,Normal,0.0,0
2025-02-20 20:46:00,16,69.05,44.57,71.64,2.68,2.17,1,0,69,Normal,0.0,0
2025-01-04 18:44:00,46,68.19,75.78,44.91,4.53,3.56,1,0,491,Normal,0.0,0
2025-03-10 09:58:00,17,62.79,79.95,33.81,4.16,3.41,1,0,382,Normal,0.0,0
2025-01-04 18:44:00,46,68.19,75.78,44.91,4.53,3.56,1,0,491,Normal,0.0,0
2025-01-11 11:13:00,27,70.11,67.37,35.23,1.87,2.44,1,0,69,Normal,0.0,0
2025-01-04 18:44:00,46,68.19,75.78,44.91,4.53,3.56,1,0,491,Normal,0.0,0
2025-01-09 17:52:00,17,65.45,19.55,61.02,3.62,3.72,1,0,164,Normal,0.0,0
2025-01-15 18:55:00,42,73.12,52.58,74.23,4.98,1.6,1,0,434,Normal,0.0,0
2025-01-08 19:41:00,46,88.25,55.37,46.66,2.24,1.39,1,0,26,Normal,0.0,0
2025-01-11 11:13:00,27,70.11,67.37,35.23,1.87,2.44,1,0,69,Normal,0.0,0
2025-02-20 11:52:00,38,66.29,51.97,77.06,4.49,4.06,1,0,141,Normal,0.0,0
2025-01-28 09:52:00,1,72.06,58.46,59.35,1.66,1.75,0,0,491,Normal,0.0,0
2025-03-10 09:58:00,17,62.79,79.95,33.81,4.16,3.41,1,0,382,Normal,0.0,0
2025-03-07 02:13:00,10,86.92,47.23,51.52,1.87,0.7,1,0,227,Normal,0.0,0
2025-02-18 01:28:00,44,72.3,51.04,77.71,4.9,3.53,1,0,117,Normal,0.0,0
2025-02-27 00:22:00,33,69.78,52.92,34.99,4.89,4.17,0,0,27,Normal,0.0,0
2025-02-03 22:51:00,16,79.85,29.57,31.83,3.44,0.7,1,0,472,Normal,0.0,0
2025-03-10 09:58:00,17,62.79,79.95,33.81,4.16,3.41,1,0,382,Normal,0.0,0
2025-01-26 11:41:00,5,60.1,51.88,67.08,3.29,3.91,0,0,249,Normal,0.0,0
2025-01-12 07:15:00,7,73.74,47.29,35.35,1.12,3.81,1,0,58,Normal,0.0,0
2025-01-12 07:15:00,7,73.74,47.29,35.35,1.12,3.81,1,0,58,Normal,0.0,0
2025-02-03 22:51:00,16,79.85,29.57,31.83,3.44,0.7,1,0,472,Normal,0.0,0
2025-01-08 19:41:00,46,88.25,55.37,46.66,2.24,1.39,1,0,26,Normal,0.0,0
2025-01-06 10:09:00,19,86.43,48.93,60.38,1.12,1.24,1,0,384,Normal,0.0,0
2025-01-06 08:00:00,7,45.55,71.71,32.22,3.96,4.09,1,0,345,Normal,0.0,0
2025-01-06 10:09:00,19,86.43,48.93,60.38,1.12,1.24,1,0,384,Normal,0.0,0
2025-01-12 07:15:00,7,73.74,47.29,35.35,1.12,3.81,1,0,58,Normal,0.0,0
2025-02-22 14:38:00,36,72.27,57.91,57.49,4.79,1.57,1,0,95,Normal,0.0,0
2025-01-14 12:41:00,20,60.98,52.56,76.67,4.72,1.67,1,0,241,Normal,0.0,0
2025-02-20 11:52:00,38,66.29,51.97,77.06,4.49,4.06,1,0,141,Normal,0.0,0
2025-01-06 10:09:00,19,86.43,48.93,60.38,1.12,1.24,1,0,384,Normal,0.0,0
2025-01-20 07:02:00,2,89.75,33.87,44.11,2.11,1.79,0,0,220,Normal,0.0,0
2025-02-21 18:43:00,48,78.47,36.49,32.85,4.82,3.84,1,0,201,Normal,0.0,0
2025-01-18 11:21:00,31,57.23,45.04,41.02,3.89,1.48,1,0,305,Normal,0.0,0
2025-03-07 02:13:00,10,86.92,47.23,51.52,1.87,0.7,1,0,227,Normal,0.0,0
2025-01-12 07:15:00,7,73.74,47.29,35.35,1.12,3.81,1,0,58,Normal,0.0,0
2025-03-10 08:07:00,18,89.68,34.0,43.68,1.57,3.04,1,0,344,Normal,0.0,0
2025-03-07 02:13:00,10,86.92,47.23,51.52,1.87,0.7,1,0,227,Normal,0.0,0
2025-02-20 11:52:00,38,66.29,51.97,77.06,4.49,4.06,1,0,141,Normal,0.0,0
2025-01-14 22:52:00,21,71.78,49.16,79.84,1.74,2.58,1,0,418,Normal,0.0,0
2025-02-18 01:28:00,44,72.3,51.04,77.71,4.9,3.53,1,0,117,Normal,0.0,0
2025-02-18 01:28:00,44,72.3,51.04,77.71,4.9,3.53,1,0,117,Normal,0.0,0
2025-02-26 11:34:00,4,76.01,46.26,53.4,2.3,3.99,1,0,158,Normal,0.0,0
2025-01-09 17:52:00,17,65.45,19.55,61.02,3.62,3.72,1,0,164,Normal,0.0,0
2025-01-18 11:21:00,31,57.23,45.04,41.02,3.89,1.48,1,0,305,Normal,0.0,0
2025-02-21 18:43:00,48,78.47,36.49,32.85,4.82,3.84,1,0,201,Normal,0.0,0
2025-02-21 18:43:00,48,78.47,36.49,32.85,4.82,3.84,1,0,201,Normal,0.0,0
2025-01-28 09:52:00,1,72.06,58.46,59.35,1.66,1.75,0,0,491,Normal,0.0,0
2025-01-19 03:22:00,12,88.11,68.61,40.16,4.78,0.53,1,0,363,Normal,0.0,0
2025-01-04 18:44:00,46,68.19,75.78,44.91,4.53,3.56,1,0,491,Normal,0.0,0
2025-02-01 08:36:00,46,69.8,56.36,37.77,1.91,4.83,0,0,305,Normal,0.0,0
2025-01-06 10:09:00,19,86.43,48.93,60.38,1.12,1.24,1,0,384,Normal,0.0,0
2025-02-21 18:43:00,48,78.47,36.49,32.85,4.82,3.84,1,0,201,Normal,0.0,0
2025-01-26 11:41:00,5,60.1,51.88,67.08,3.29,3.91,0,0,249,Normal,0.0,0
2025-01-12 07:15:00,7,73.74,47.29,35.35,1.12,3.81,1,0,58,Normal,0.0,0
2025-01-12 07:15:00,7,73.74,47.29,35.35,1.12,3.81,1,0,58,Normal,0.0,0
2025-02-20 11:52:00,38,66.29,51.97,77.06,4.49,4.06,1,0,141,Normal,0.0,0
2025-01-20 07:02:00,2,89.75,33.87,44.11,2.11,1.79,0,0,220,Normal,0.0,0
2025-02-20 11:52:00,38,66.29,51.97,77.06,4.49,4.06,1,0,141,Normal,0.0,0
2025-02-20 11:52:00,38,66.29,51.97,77.06,4.49,4.06,1,0,141,Normal,0.0,0
2025-01-09 17:52:00,17,65.45,19.55,61.02,3.62,3.72,1,0,164,Normal,0.0,0
2025-02-20 11:52:00,38,66.29,51.97,77.06,4.49,4.06,1,0,141,Normal,0.0,0
2025-01-08 19:41:00,46,88.25,55.37,46.66,2.24,1.39,1,0,26,Normal,0.0,0
2025-01-11 11:13:00,27,70.11,67.37,35.23,1.87,2.44,1,0,69,Normal,0.0,0
2025-01-06 14:09:00,15,81.75,76.71,63.41,4.29,0.68,1,0,486,Normal,0.0,0
2025-01-13 12:00:00,39,71.64,74.85,60.17,1.98,1.62,1,0,301,Normal,0.0,0
2025-01-08 00:43:00,29,78.4,59.75,52.46,2.04,1.89,1,0,335,Normal,0.0,0
2025-02-21 18:43:00,48,78.47,36.49,32.85,4.82,3.84,1,0,201,Normal,0.0,0
2025-01-24 14:11:00,20,86.47,72.79,72.87,4.59,4.75,1,0,219,Normal,0.0,0
2025-01-20 07:02:00,2,89.75,33.87,44.11,2.11,1.79,0,0,220,Normal,0.0,0
2025-02-08 01:36:00,46,75.75,53.23,49.48,1.8,1.46,1,0,291,Normal,0.0,0
2025-01-26 11:41:00,5,60.1,51.88,67.08,3.29,3.91,0,0,249,Normal,0.0,0
2025-02-20 20:46:00,16,69.05,44.57,71.64,2.68,2.17,1,0,69,Normal,0.0,0
2025-02-01 14:43:00,1,88.98,39.06,30.47,3.23,4.17,1,0,341,Normal,0.0,0
2025-02-20 11:52:00,38,66.29,51.97,77.06,4.49,4.06,1,0,141,Normal,0.0,0
2025-01-11 11:13:00,27,70.11,67.37,35.23,1.87,2.44,1,0,69,Normal,0.0,0
2025-02-20 11:52:00,38,66.29,51.97,77.06,4.49,4.06,1,0,141,Normal,0.0,0
2025-01-12 07:15:00,7,73.74,47.29,35.35,1.12,3.81,1,0,58,Normal,0.0,0
2025-01-19 03:22:00,12,88.11,68.61,40.16,4.78,0.53,1,0,363,Normal,0.0,0
2025-02-21 18:43:00,48,78.47,36.49,32.85,4.82,3.84,1,0,201,Normal,0.0,0
2025-01-12 07:15:00,7,73.74,47.29,35.35,1.12,3.81,1,0,58,Normal,0.0,0
2025-02-18 01:28:00,44,72.3,51.04,77.71,4.9,3.53,1,0,117,Normal,0.0,0
2025-02-18 01:28:00,44,72.3,51.04,77.71,4.9,3.53,1,0,117,Normal,0.0,0
2025-01-06 08:00:00,7,45.55,71.71,32.22,3.96,4.09,1,0,345,Normal,0.0,0
2025-01-08 19:41:00,46,88.25,55.37,46.66,2.24,1.39,1,0,26,Normal,0.0,0
2025-02-20 11:52:00,38,66.29,51.97,77.06,4.49,4.06,1,0,141,Normal,0.0,0
2025-02-21 18:43:00,48,78.47,36.49,32.85,4.82,3.84,1,0,201,Normal,0.0,0
2025-01-12 07:15:00,7,73.74,47.29,35.35,1.12,3.81,1,0,58,Normal,0.0,0
2025-02-03 22:51:00,16,79.85,29.57,31.83,3.44,0.7,1,0,472,Normal,0.0,0
2025-03-09 13:09:00,18,55.0,59.46,45.17,4.12,2.79,1,0,322,Normal,0.0,0
2025-02-20 11:52:00,38,66.29,51.97,77.06,4.49,4.06,1,0,141,Normal,0.0,0
2025-01-11 11:13:00,27,70.11,67.37,35.23,1.87,2.44,1,0,69,Normal,0.0,0
2025-01-08 00:43:00,29,78.4,59.75,52.46,2.04,1.89,1,0,335,Normal,0.0,0
2025-01-20 07:02:00,2,89.75,33.87,44.11,2.11,1.79,0,0,220,Normal,0.0,0
2025-02-18 01:28:00,44,72.3,51.04,77.71,4.9,3.53,1,0,117,Normal,0.0,0
2025-01-08 00:43:00,29,78.4,59.75,52.46,2.04,1.89,1,0,335,Normal,0.0,0
2025-01-08 00:43:00,29,78.4,59.75,52.46,2.04,1.89,1,0,335,Normal,0.0,0
2025-01-19 03:22:00,12,88.11,68.61,40.16,4.78,0.53,1,0,363,Normal,0.0,0
2025-02-20 11:52:00,38,66.29,51.97,77.06,4.49,4.06,1,0,141,Normal,0.0,0
2025-01-26 11:41:00,5,60.1,51.88,67.08,3.29,3.91,0,0,249,Normal,0.0,0
2025-01-24 14:11:00,20,86.47,72.79,72.87,4.59,4.75,1,0,219,Normal,0.0,0
2025-01-28 09:52:00,1,72.06,58.46,59.35,1.66,1.75,0,0,491,Normal,0.0,0
2025-02-20 20:46:00,16,69.05,44.57,71.64,2.68,2.17,1,0,69,Normal,0.0,0
2025-02-21 18:43:00,48,78.47,36.49,32.85,4.82,3.84,1,0,201,Normal,0.0,0
2025-01-06 10:09:00,19,86.43,48.93,60.38,1.12,1.24,1,0,384,Normal,0.0,0
2025-01-28 09:52:00,1,72.06,58.46,59.35,1.66,1.75,0,0,491,Normal,0.0,0
2025-02-08 01:36:00,46,75.75,53.23,49.48,1.8,1.46,1,0,291,Normal,0.0,0
2025-01-24 14:11:00,20,86.47,72.79,72.87,4.59,4.75,1,0,219,Normal,0.0,0
2025-02-18 01:28:00,44,72.3,51.04,77.71,4.9,3.53,1,0,117,Normal,0.0,0
2025-01-08 19:41:00,46,88.25,55.37,46.66,2.24,1.39,1,0,26,Normal,0.0,0
2025-02-20 20:46:00,16,69.05,44.57,71.64,2.68,2.17,1,0,69,Normal,0.0,0
2025-02-20 11:52:00,38,66.29,51.97,77.06,4.49,4.06,1,0,141,Normal,0.0,0
2025-02-27 00:22:00,33,69.78,52.92,34.99,4.89,4.17,0,0,27,Normal,0.0,0
2025-02-20 07:01:00,37,69.43,60.63,52.69,3.37,1.03,1,0,93,Normal,0.0,0
2025-01-19 03:22:00,12,88.11,68.61,40.16,4.78,0.53,1,0,363,Normal,0.0,0
2025-02-20 11:52:00,38,66.29,51.97,77.06,4.49,4.06,1,0,141,Normal,0.0,0
2025-02-27 00:22:00,33,69.78,52.92,34.99,4.89,4.17,0,0,27,Normal,0.0,0
2025-01-28 09:52:00,1,72.06,58.46,59.35,1.66,1.75,0,0,491,Normal,0.0,0
2025-02-26 11:34:00,4,76.01,46.26,53.4,2.3,3.99,1,0,158,Normal,0.0,0
2025-01-23 02:28:00,49,71.29,45.16,54.34,4.97,0.5,1,0,195,Normal,0.0,0
2025-01-08 00:43:00,29,78.4,59.75,52.46,2.04,1.89,1,0,335,Normal,0.0,0
2025-01-04 18:44:00,46,68.19,75.78,44.91,4.53,3.56,1,0,491,Normal,0.0,0
2025-02-20 11:52:00,38,66.29,51.97,77.06,4.49,4.06,1,0,141,Normal,0.0,0
2025-01-06 08:00:00,7,45.55,71.71,32.22,3.96,4.09,1,0,345,Normal,0.0,0
2025-01-08 00:43:00,29,78.4,59.75,52.46,2.04,1.89,1,0,335,Normal,0.0,0
2025-01-13 12:00:00,39,71.64,74.85,60.17,1.98,1.62,1,0,301,Normal,0.0,0
2025-01-20 07:02:00,2,89.75,33.87,44.11,2.11,1.79,0,0,220,Normal,0.0,0
2025-03-06 16:37:00,24,75.33,47.75,65.25,2.12,0.89,1,0,489,Normal,0.0,0
2025-01-06 08:00:00,7,45.55,71.71,32.22,3.96,4.09,1,0,345,Normal,0.0,0
2025-02-27 00:22:00,33,69.78,52.92,34.99,4.89,4.17,0,0,27,Normal,0.0,0
2025-02-20 11:52:00,38,66.29,51.97,77.06,4.49,4.06,1,0,141,Normal,0.0,0
2025-01-04 18:44:00,46,68.19,75.78,44.91,4.53,3.56,1,0,491,Normal,0.0,0
2025-02-20 07:01:00,37,69.43,60.63,52.69,3.37,1.03,1,0,93,Normal,0.0,0
2025-03-07 02:13:00,10,86.92,47.23,51.52,1.87,0.7,1,0,227,Normal,0.0,0
2025-01-24 14:11:00,20,86.47,72.79,72.87,4.59,4.75,1,0,219,Normal,0.0,0
2025-01-08 00:43:00,29,78.4,59.75,52.46,2.04,1.89,1,0,335,Normal,0.0,0
2025-01-09 17:52:00,17,65.45,19.55,61.02,3.62,3.72,1,0,164,Normal,0.0,0
2025-01-08 19:41:00,46,88.25,55.37,46.66,2.24,1.39,1,0,26,Normal,0.0,0
2025-02-20 11:52:00,38,66.29,51.97,77.06,4.49,4.06,1,0,141,Normal,0.0,0
2025-02-01 08:36:00,46,69.8,56.36,37.77,1.91,4.83,0,0,305,Normal,0.0,0
2025-01-11 11:13:00,27,70.11,67.37,35.23,1.87,2.44,1,0,69,Normal,0.0,0
2025-02-21 18:43:00,48,78.47,36.49,32.85,4.82,3.84,1,0,201,Normal,0.0,0
2025-01-20 07:02:00,2,89.75,33.87,44.11,2.11,1.79,0,0,220,Normal,0.0,0
2025-01-14 22:52:00,21,71.78,49.16,79.84,1.74,2.58,1,0,418,Normal,0.0,0
2025-01-03 15:09:00,41,73.51,56.0,52.13,4.44,1.56,1,0,173,Normal,0.0,0
2025-03-10 08:07:00,18,89.68,34.0,43.68,1.57,3.04,1,0,344,Normal,0.0,0
2025-01-13 12:00:00,39,71.64,74.85,60.17,1.98,1.62,1,0,301,Normal,0.0,0
2025-02-20 11:52:00,38,66.29,51.97,77.06,4.49,4.06,1,0,141,Normal,0.0,0
2025-02-18 01:28:00,44,72.3,51.04,77.71,4.9,3.53,1,0,117,Normal,0.0,0
2025-02-26 11:34:00,4,76.01,46.26,53.4,2.3,3.99,1,0,158,Normal,0.0,0
2025-02-18 01:28:00,44,72.3,51.04,77.71,4.9,3.53,1,0,117,Normal,0.0,0
2025-01-12 07:15:00,7,73.74,47.29,35.35,1.12,3.81,1,0,58,Normal,0.0,0
2025-01-08 19:41:00,46,88.25,55.37,46.66,2.24,1.39,1,0,26,Normal,0.0,0
2025-01-08 00:43:00,29,78.4,59.75,52.46,2.04,1.89,1,0,335,Normal,0.0,0
2025-01-12 07:15:00,7,73.74,47.29,35.35,1.12,3.81,1,0,58,Normal,0.0,0
2025-02-20 20:46:00,16,69.05,44.57,71.64,2.68,2.17,1,0,69,Normal,0.0,0
2025-02-18 01:28:00,44,72.3,51.04,77.71,4.9,3.53,1,0,117,Normal,0.0,0
2025-02-18 01:28:00,44,72.3,51.04,77.71,4.9,3.53,1,0,117,Normal,0.0,0
2025-01-12 07:15:00,7,73.74,47.29,35.35,1.12,3.81,1,0,58,Normal,0.0,0
2025-01-12 07:15:00,7,73.74,47.29,35.35,1.12,3.81,1,0,58,Normal,0.0,0
2025-03-10 09:58:00,17,62.79,79.95,33.81,4.16,3.41,1,0,382,Normal,0.0,0
2025-01-24 14:11:00,20,86.47,72.79,72.87,4.59,4.75,1,0,219,Normal,0.0,0
2025-01-04 18:44:00,46,68.19,75.78,44.91,4.53,3.56,1,0,491,Normal,0.0,0
2025-01-23 02:28:00,49,71.29,45.16,54.34,4.97,0.5,1,0,195,Normal,0.0,0
2025-01-08 00:43:00,29,78.4,59.75,52.46,2.04,1.89,1,0,335,Normal,0.0,0
2025-01-13 12:00:00,39,71.64,74.85,60.17,1.98,1.62,1,0,301,Normal,0.0,0
2025-03-06 16:37:00,24,75.33,47.75,65.25,2.12,0.89,1,0,489,Normal,0.0,0
2025-01-23 02:28:00,49,71.29,45.16,54.34,4.97,0.5,1,0,195,Normal,0.0,0
2025-02-18 01:28:00,44,72.3,51.04,77.71,4.9,3.53,1,0,117,Normal,0.0,0
2025-03-09 13:09:00,18,55.0,59.46,45.17,4.12,2.79,1,0,322,Normal,0.0,0
2025-03-06 16:37:00,24,75.33,47.75,65.25,2.12,0.89,1,0,489,Normal,0.0,0
2025-03-06 16:37:00,24,75.33,47.75,65.25,2.12,0.89,1,0,489,Normal,0.0,0
2025-02-18 01:28:00,44,72.3,51.04,77.71,4.9,3.53,1,0,117,Normal,0.0,0
2025-01-14 12:41:00,20,60.98,52.56,76.67,4.72,1.67,1,0,241,Normal,0.0,0
2025-01-14 22:52:00,21,71.78,49.16,79.84,1.74,2.58,1,0,418,Normal,0.0,0
2025-03-10 09:58:00,17,62.79,79.95,33.81,4.16,3.41,1,0,382,Normal,0.0,0
2025-03-10 09:58:00,17,62.79,79.95,33.81,4.16,3.41,1,0,382,Normal,0.0,0
2025-01-20 07:02:00,2,89.75,33.87,44.11,2.11,1.79,0,0,220,Normal,0.0,0
2025-02-26 11:34:00,4,76.01,46.26,53.4,2.3,3.99,1,0,158,Normal,0.0,0
2025-02-18 01:28:00,44,72.3,51.04,77.71,4.9,3.53,1,0,117,Normal,0.0,0
2025-01-28 09:52:00,1,72.06,58.46,59.35,1.66,1.75,0,0,491,Normal,0.0,0
2025-02-26 11:34:00,4,76.01,46.26,53.4,2.3,3.99,1,0,158,Normal,0.0,0
2025-01-06 10:09:00,19,86.43,48.93,60.38,1.12,1.24,1,0,384,Normal,0.0,0
2025-01-11 11:13:00,27,70.11,67.37,35.23,1.87,2.44,1,0,69,Normal,0.0,0
2025-02-20 07:01:00,37,69.43,60.63,52.69,3.37,1.03,1,0,93,Normal,0.0,0
2025-02-20 07:01:00,37,69.43,60.63,52.69,3.37,1.03,1,0,93,Normal,0.0,0
2025-01-04 18:44:00,46,68.19,75.78,44.91,4.53,3.56,1,0,491,Normal,0.0,0
2025-01-06 10:09:00,19,86.43,48.93,60.38,1.12,1.24,1,0,384,Normal,0.0,0
2025-01-14 12:41:00,20,60.98,52.56,76.67,4.72,1.67,1,0,241,Normal,0.0,0
2025-02-18 01:28:00,44,72.3,51.04,77.71,4.9,3.53,1,0,117,Normal,0.0,0
2025-02-18 01:28:00,44,72.3,51.04,77.71,4.9,3.53,1,0,117,Normal,0.0,0
2025-02-20 11:52:00,38,66.29,51.97,77.06,4.49,4.06,1,0,141,Normal,0.0,0
2025-01-06 10:09:00,19,86.43,48.93,60.38,1.12,1.24,1,0,384,Normal,0.0,0
2025-01-08 19:41:00,46,88.25,55.37,46.66,2.24,1.39,1,0,26,Normal,0.0,0
2025-01-23 02:28:00,49,71.29,45.16,54.34,4.97,0.5,1,0,195,Normal,0.0,0
2025-01-06 10:09:00,19,86.43,48.93,60.38,1.12,1.24,1,0,384,Normal,0.0,0
2025-03-06 16:37:00,24,75.33,47.75,65.25,2.12,0.89,1,0,489,Normal,0.0,0
2025-01-04 18:44:00,46,68.19,75.78,44.91,4.53,3.56,1,0,491,Normal,0.0,0
2025-02-18 01:28:00,44,72.3,51.04,77.71,4.9,3.53,1,0,117,Normal,0.0,0
2025-03-07 02:13:00,10,86.92,47.23,51.52,1.87,0.7,1,0,227,Normal,0.0,0
2025-02-01 08:36:00,46,69.8,56.36,37.77,1.91,4.83,0,0,305,Normal,0.0,0
2025-02-21 18:43:00,48,78.47,36.49,32.85,4.82,3.84,1,0,201,Normal,0.0,0
2025-01-18 11:21:00,31,57.23,45.04,41.02,3.89,1.48,1,0,305,Normal,0.0,0
2025-03-06 16:37:00,24,75.33,47.75,65.25,2.12,0.89,1,0,489,Normal,0.0,0
2025-01-18 11:21:00,31,57.23,45.04,41.02,3.89,1.48,1,0,305,Normal,0.0,0
2025-01-11 11:13:00,27,70.11,67.37,35.23,1.87,2.44,1,0,69,Normal,0.0,0
2025-02-21 18:43:00,48,78.47,36.49,32.85,4.82,3.84,1,0,201,Normal,0.0,0
2025-01-18 11:21:00,31,57.23,45.04,41.02,3.89,1.48,1,0,305,Normal,0.0,0
2025-02-18 01:28:00,44,72.3,51.04,77.71,4.9,3.53,1,0,117,Normal,0.0,0
2025-02-20 20:46:00,16,69.05,44.57,71.64,2.68,2.17,1,0,69,Normal,0.0,0
2025-01-24 14:11:00,20,86.47,72.79,72.87,4.59,4.75,1,0,219,Normal,0.0,0
2025-01-23 02:28:00,49,71.29,45.16,54.34,4.97,0.5,1,0,195,Normal,0.0,0
2025-01-28 09:52:00,1,72.06,58.46,59.35,1.66,1.75,0,0,491,Normal,0.0,0
2025-03-09 13:09:00,18,55.0,59.46,45.17,4.12,2.79,1,0,322,Normal,0.0,0
2025-01-06 08:00:00,7,45.55,71.71,32.22,3.96,4.09,1,0,345,Normal,0.0,0
2025-01-12 07:15:00,7,73.74,47.29,35.35,1.12,3.81,1,0,58,Normal,0.0,0
2025-01-03 15:09:00,41,73.51,56.0,52.13,4.44,1.56,1,0,173,Normal,0.0,0
2025-02-18 01:28:00,44,72.3,51.04,77.71,4.9,3.53,1,0,117,Normal,0.0,0
2025-01-08 00:43:00,29,78.4,59.75,52.46,2.04,1.89,1,0,335,Normal,0.0,0
2025-01-12 07:15:00,7,73.74,47.29,35.35,1.12,3.81,1,0,58,Normal,0.0,0
2025-01-09 17:52:00,17,65.45,19.55,61.02,3.62,3.72,1,0,164,Normal,0.0,0
2025-02-20 11:52:00,38,66.29,51.97,77.06,4.49,4.06,1,0,141,Normal,0.0,0
2025-01-28 09:52:00,1,72.06,58.46,59.35,1.66,1.75,0,0,491,Normal,0.0,0
2025-02-20 07:01:00,37,69.43,60.63,52.69,3.37,1.03,1,0,93,Normal,0.0,0
2025-02-18 01:28:00,44,72.3,51.04,77.71,4.9,3.53,1,0,117,Normal,0.0,0
2025-01-28 09:52:00,1,72.06,58.46,59.35,1.66,1.75,0,0,491,Normal,0.0,0
2025-01-12 07:15:00,7,73.74,47.29,35.35,1.12,3.81,1,0,58,Normal,0.0,0
2025-02-18 01:28:00,44,72.3,51.04,77.71,4.9,3.53,1,0,117,Normal,0.0,0
2025-02-21 18:43:00,48,78.47,36.49,32.85,4.82,3.84,1,0,201,Normal,0.0,0
2025-01-08 00:43:00,29,78.4,59.75,52.46,2.04,1.89,1,0,335,Normal,0.0,0
2025-01-20 07:02:00,2,89.75,33.87,44.11,2.11,1.79,0,0,220,Normal,0.0,0
2025-02-20 11:52:00,38,66.29,51.97,77.06,4.49,4.06,1,0,141,Normal,0.0,0
2025-03-07 02:13:00,10,86.92,47.23,51.52,1.87,0.7,1,0,227,Normal,0.0,0
2025-01-19 03:22:00,12,88.11,68.61,40.16,4.78,0.53,1,0,363,Normal,0.0,0
2025-01-28 09:52:00,1,72.06,58.46,59.35,1.66,1.75,0,0,491,Normal,0.0,0
2025-01-11 11:13:00,27,70.11,67.37,35.23,1.87,2.44,1,0,69,Normal,0.0,0
2025-01-14 12:41:00,20,60.98,52.56,76.67,4.72,1.67,1,0,241,Normal,0.0,0
2025-01-19 03:22:00,12,88.11,68.61,40.16,4.78,0.53,1,0,363,Normal,0.0,0
2025-01-06 10:09:00,19,86.43,48.93,60.38,1.12,1.24,1,0,384,Normal,0.0,0
2025-03-06 16:37:00,24,75.33,47.75,65.25,2.12,0.89,1,0,489,Normal,0.0,0
2025-01-18 11:21:00,31,57.23,45.04,41.02,3.89,1.48,1,0,305,Normal,0.0,0
2025-01-28 09:52:00,1,72.06,58.46,59.35,1.66,1.75,0,0,491,Normal,0.0,0
2025-01-28 09:52:00,1,72.06,58.46,59.35,1.66,1.75,0,0,491,Normal,0.0,0
2025-02-18 01:28:00,44,72.3,51.04,77.71,4.9,3.53,1,0,117,Normal,0.0,0
2025-02-20 11:52:00,38,66.29,51.97,77.06,4.49,4.06,1,0,141,Normal,0.0,0
2025-01-26 11:41:00,5,60.1,51.88,67.08,3.29,3.91,0,0,249,Normal,0.0,0
2025-01-09 17:52:00,17,65.45,19.55,61.02,3.62,3.72,1,0,164,Normal,0.0,0
2025-01-04 18:44:00,46,68.19,75.78,44.91,4.53,3.56,1,0,491,Normal,0.0,0
2025-01-06 14:09:00,15,81.75,76.71,63.41,4.29,0.68,1,0,486,Normal,0.0,0
2025-02-20 11:52:00,38,66.29,51.97,77.06,4.49,4.06,1,0,141,Normal,0.0,0
2025-02-21 18:43:00,48,78.47,36.49,32.85,4.82,3.84,1,0,201,Normal,0.0,0
2025-03-10 08:07:00,18,89.68,34.0,43.68,1.57,3.04,1,0,344,Normal,0.0,0
2025-02-08 01:36:00,46,75.75,53.23,49.48,1.8,1.46,1,0,291,Normal,0.0,0
2025-02-20 11:52:00,38,66.29,51.97,77.06,4.49,4.06,1,0,141,Normal,0.0,0
2025-02-20 11:52:00,38,66.29,51.97,77.06,4.49,4.06,1,0,141,Normal,0.0,0
2025-02-20 20:46:00,16,69.05,44.57,71.64,2.68,2.17,1,0,69,Normal,0.0,0
2025-01-08 00:43:00,29,78.4,59.75,52.46,2.04,1.89,1,0,335,Normal,0.0,0
2025-01-11 11:13:00,27,70.11,67.37,35.23,1.87,2.44,1,0,69,Normal,0.0,0
2025-02-21 18:43:00,48,78.47,36.49,32.85,4.82,3.84,1,0,201,Normal,0.0,0
2025-01-06 08:00:00,7,45.55,71.71,32.22,3.96,4.09,1,0,345,Normal,0.0,0
2025-02-20 20:46:00,16,69.05,44.57,71.64,2.68,2.17,1,0,69,Normal,0.0,0
2025-02-20 11:52:00,38,66.29,51.97,77.06,4.49,4.06,1,0,141,Normal,0.0,0
2025-01-06 10:09:00,19,86.43,48.93,60.38,1.12,1.24,1,0,384,Normal,0.0,0
2025-01-27 08:46:00,50,80.99,64.13,76.83,4.49,4.56,1,0,168,Normal,0.0,0
2025-01-11 11:13:00,27,70.11,67.37,35.23,1.87,2.44,1,0,69,Normal,0.0,0
2025-02-20 20:46:00,16,69.05,44.57,71.64,2.68,2.17,1,0,69,Normal,0.0,0
2025-01-09 17:52:00,17,65.45,19.55,61.02,3.62,3.72,1,0,164,Normal,0.0,0
2025-02-18 01:28:00,44,72.3,51.04,77.71,4.9,3.53,1,0,117,Normal,0.0,0
2025-02-21 18:43:00,48,78.47,36.49,32.85,4.82,3.84,1,0,201,Normal,0.0,0
2025-02-27 00:22:00,33,69.78,52.92,34.99,4.89,4.17,0,0,27,Normal,0.0,0
2025-01-09 17:52:00,17,65.45,19.55,61.02,3.62,3.72,1,0,164,Normal,0.0,0
2025-02-08 01:36:00,46,75.75,53.23,49.48,1.8,1.46,1,0,291,Normal,0.0,0
2025-01-27 08:46:00,50,80.99,64.13,76.83,4.49,4.56,1,0,168,Normal,0.0,0
2025-02-18 01:28:00,44,72.3,51.04,77.71,4.9,3.53,1,0,117,Normal,0.0,0
2025-01-03 15:09:00,41,73.51,56.0,52.13,4.44,1.56,1,0,173,Normal,0.0,0
2025-01-27 08:46:00,50,80.99,64.13,76.83,4.49,4.56,1,0,168,Normal,0.0,0
2025-01-11 11:13:00,27,70.11,67.37,35.23,1.87,2.44,1,0,69,Normal,0.0,0
2025-02-18 01:28:00,44,72.3,51.04,77.71,4.9,3.53,1,0,117,Normal,0.0,0
2025-01-11 11:13:00,27,70.11,67.37,35.23,1.87,2.44,1,0,69,Normal,0.0,0
2025-03-06 16:37:00,24,75.33,47.75,65.25,2.12,0.89,1,0,489,Normal,0.0,0
2025-01-09 17:52:00,17,65.45,19.55,61.02,3.62,3.72,1,0,164,Normal,0.0,0
2025-01-09 17:52:00,17,65.45,19.55,61.02,3.62,3.72,1,0,164,Normal,0.0,0
2025-01-08 19:41:00,46,88.25,55.37,46.66,2.24,1.39,1,0,26,Normal,0.0,0
2025-01-19 03:22:00,12,88.11,68.61,40.16,4.78,0.53,1,0,363,Normal,0.0,0
2025-01-08 19:41:00,46,88.25,55.37,46.66,2.24,1.39,1,0,26,Normal,0.0,0
2025-01-19 03:22:00,12,88.11,68.61,40.16,4.78,0.53,1,0,363,Normal,0.0,0
2025-02-27 00:22:00,33,69.78,52.92,34.99,4.89,4.17,0,0,27,Normal,0.0,0
2025-02-20 11:52:00,38,66.29,51.97,77.06,4.49,4.06,1,0,141,Normal,0.0,0
2025-01-24 14:11:00,20,86.47,72.79,72.87,4.59,4.75,1,0,219,Normal,0.0,0
2025-02-18 01:28:00,44,72.3,51.04,77.71,4.9,3.53,1,0,117,Normal,0.0,0
2025-01-08 19:41:00,46,88.25,55.37,46.66,2.24,1.39,1,0,26,Normal,0.0,0
2025-02-21 18:43:00,48,78.47,36.49,32.85,4.82,3.84,1,0,201,Normal,0.0,0
2025-02-20 11:52:00,38,66.29,51.97,77.06,4.49,4.06,1,0,141,Normal,0.0,0
2025-03-07 02:13:00,10,86.92,47.23,51.52,1.87,0.7,1,0,227,Normal,0.0,0
2025-02-18 01:28:00,44,72.3,51.04,77.71,4.9,3.53,1,0,117,Normal,0.0,0
2025-01-19 03:22:00,12,88.11,68.61,40.16,4.78,0.53,1,0,363,Normal,0.0,0
2025-02-21 18:43:00,48,78.47,36.49,32.85,4.82,3.84,1,0,201,Normal,0.0,0
2025-01-04 18:44:00,46,68.19,75.78,44.91,4.53,3.56,1,0,491,Normal,0.0,0
2025-02-18 01:28:00,44,72.3,51.04,77.71,4.9,3.53,1,0,117,Normal,0.0,0
2025-03-07 02:13:00,10,86.92,47.23,51.52,1.87,0.7,1,0,227,Normal,0.0,0
2025-02-20 11:52:00,38,66.29,51.97,77.06,4.49,4.06,1,0,141,Normal,0.0,0
2025-01-08 19:41:00,46,88.25,55.37,46.66,2.24,1.39,1,0,26,Normal,0.0,0
2025-02-18 01:28:00,44,72.3,51.04,77.71,4.9,3.53,1,0,117,Normal,0.0,0
2025-01-06 14:09:00,15,81.75,76.71,63.41,4.29,0.68,1,0,486,Normal,0.0,0
2025-02-18 01:28:00,44,72.3,51.04,77.71,4.9,3.53,1,0,117,Normal,0.0,0
2025-02-03 22:51:00,16,79.85,29.57,31.83,3.44,0.7,1,0,472,Normal,0.0,0
2025-01-06 10:09:00,19,86.43,48.93,60.38,1.12,1.24,1,0,384,Normal,0.0,0
2025-02-18 01:28:00,44,72.3,51.04,77.71,4.9,3.53,1,0,117,Normal,0.0,0
2025-02-21 18:43:00,48,78.47,36.49,32.85,4.82,3.84,1,0,201,Normal,0.0,0
2025-02-20 20:46:00,16,69.05,44.57,71.64,2.68,2.17,1,0,69,Normal,0.0,0
2025-01-06 10:09:00,19,86.43,48.93,60.38,1.12,1.24,1,0,384,Normal,0.0,0
2025-01-12 07:15:00,7,73.74,47.29,35.35,1.12,3.81,1,0,58,Normal,0.0,0
2025-02-01 08:36:00,46,69.8,56.36,37.77,1.91,4.83,0,0,305,Normal,0.0,0
2025-02-22 14:38:00,36,72.27,57.91,57.49,4.79,1.57,1,0,95,Normal,0.0,0
2025-01-26 11:41:00,5,60.1,51.88,67.08,3.29,3.91,0,0,249,Normal,0.0,0
2025-02-20 11:52:00,38,66.29,51.97,77.06,4.49,4.06,1,0,141,Normal,0.0,0
2025-01-14 12:41:00,20,60.98,52.56,76.67,4.72,1.67,1,0,241,Normal,0.0,0
2025-02-01 08:36:00,46,69.8,56.36,37.77,1.91,4.83,0,0,305,Normal,0.0,0
2025-02-18 01:28:00,44,72.3,51.04,77.71,4.9,3.53,1,0,117,Normal,0.0,0
2025-01-28 09:52:00,1,72.06,58.46,59.35,1.66,1.75,0,0,491,Normal,0.0,0
2025-02-21 18:43:00,48,78.47,36.49,32.85,4.82,3.84,1,0,201,Normal,0.0,0
2025-01-13 12:00:00,39,71.64,74.85,60.17,1.98,1.62,1,0,301,Normal,0.0,0
2025-02-14 13:47:00,25,94.12,35.01,68.54,2.07,0.54,2,1,49,Electrical Fault,1.0,1
2025-03-07 11:29:00,35,81.93,83.92,56.99,3.55,1.36,2,1,20,Vibration Issue,1.0,1
2025-01-04 16:21:00,38,92.61,34.98,62.41,4.82,1.83,2,1,10,Overheating,1.0,1
2025-01-26 10:01:00,10,95.34,65.47,73.51,1.16,4.85,2,1,27,Electrical Fault,1.0,1
2025-01-08 15:31:00,10,83.44,80.63,50.28,2.07,4.54,2,1,33,Electrical Fault,1.0,1
2025-03-05 22:20:00,45,90.12,41.58,61.73,3.83,3.82,2,1,38,Electrical Fault,1.0,1
2025-01-10 16:45:00,10,90.12,61.52,77.04,1.53,4.24,1,1,23,Normal,1.0,1
2025-02-25 21:43:00,27,93.16,61.52,63.58,1.22,0.68,2,1,5,Vibration Issue,1.0,1
2025-02-21 02:54:00,10,79.27,89.76,38.49,2.23,4.32,2,1,23,Overheating,1.0,1
2025-01-03 12:46:00,10,90.74,40.77,37.16,1.63,0.91,2,1,29,Pressure Drop,1.0,1
2025-01-12 06:24:00,36,86.68,27.73,64.04,3.0,3.45,2,0,61,Vibration Issue,0.0,1
2025-01-29 04:23:00,40,67.41,62.09,57.36,1.98,2.79,2,0,385,Electrical Fault,0.0,1
2025-01-03 12:46:00,10,90.74,40.77,37.16,1.63,0.91,2,1,29,Pressure Drop,1.0,1
2025-02-11 02:05:00,44,68.46,35.21,38.5,3.67,1.95,2,0,308,Electrical Fault,0.0,1
2025-01-07 21:24:00,25,91.93,47.22,65.84,4.34,3.69,1,1,38,Normal,1.0,1
2025-03-03 05:58:00,49,96.37,38.08,68.2,4.4,2.3,2,1,27,Pressure Drop,1.0,1
2025-02-18 14:51:00,46,93.54,60.77,50.47,2.52,4.87,2,1,44,Pressure Drop,1.0,1
2025-02-21 09:56:00,30,75.71,90.97,70.06,4.34,1.19,2,1,26,Vibration Issue,1.0,1
2025-03-08 09:34:00,43,103.18,70.95,76.2,1.5,2.41,2,1,46,Vibration Issue,1.0,1
2025-02-16 23:18:00,37,94.18,54.65,78.9,3.22,4.74,2,1,26,Pressure Drop,1.0,1
2025-02-08 18:16:00,30,50.37,84.41,31.63,3.09,3.72,2,1,19,Overheating,1.0,1
2025-01-03 12:46:00,10,90.74,40.77,37.16,1.63,0.91,2,1,29,Pressure Drop,1.0,1
2025-02-04 06:40:00,15,90.03,42.67,43.57,3.31,1.97,2,1,49,Overheating,1.0,1
2025-02-02 08:11:00,16,86.68,45.89,47.02,4.98,1.1,2,0,343,Vibration Issue,0.0,1
2025-01-12 00:39:00,43,93.26,31.84,46.07,3.34,2.4,2,1,4,Pressure Drop,1.0,1
2025-01-26 10:01:00,10,95.34,65.47,73.51,1.16,4.85,2,1,27,Electrical Fault,1.0,1
2025-02-21 02:54:00,10,79.27,89.76,38.49,2.23,4.32,2,1,23,Overheating,1.0,1
2025-02-03 21:37:00,12,72.27,76.32,48.75,4.26,3.81,2,0,494,Vibration Issue,0.0,1
2025-01-15 00:26:00,16,81.09,56.34,32.99,1.38,4.87,2,0,482,Electrical Fault,0.0,1
2025-03-07 22:59:00,6,73.61,57.62,32.81,2.67,1.01,2,0,94,Vibration Issue,0.0,1
2025-01-12 06:24:00,36,86.68,27.73,64.04,3.0,3.45,2,0,61,Vibration Issue,0.0,1
2025-02-08 18:16:00,30,50.37,84.41,31.63,3.09,3.72,2,1,19,Overheating,1.0,1
2025-02-28 11:37:00,27,75.86,98.39,38.59,1.29,1.54,2,1,36,Overheating,1.0,1
2025-02-03 21:37:00,12,72.27,76.32,48.75,4.26,3.81,2,0,494,Vibration Issue,0.0,1
2025-01-07 21:24:00,25,91.93,47.22,65.84,4.34,3.69,1,1,38,Normal,1.0,1
2025-02-16 19:16:00,19,91.53,43.15,60.69,4.14,3.18,2,1,14,Vibration Issue,1.0,1
2025-03-05 22:20:00,45,90.12,41.58,61.73,3.83,3.82,2,1,38,Electrical Fault,1.0,1
2025-01-08 02:13:00,39,93.2,26.3,49.31,2.55,4.21,2,1,37,Overheating,1.0,1
2025-02-26 03:23:00,41,77.94,80.8,68.19,3.52,4.4,2,1,26,Overheating,1.0,1
2025-01-16 01:02:00,23,80.91,67.69,76.8,2.01,3.39,2,0,431,Pressure Drop,0.0,1
2025-01-03 12:46:00,10,90.74,40.77,37.16,1.63,0.91,2,1,29,Pressure Drop,1.0,1
2025-02-11 02:05:00,44,68.46,35.21,38.5,3.67,1.95,2,0,308,Electrical Fault,0.0,1
2025-02-24 01:37:00,45,90.05,59.49,57.26,4.69,2.38,2,1,4,Overheating,1.0,1
2025-01-30 11:38:00,11,90.67,41.86,34.3,3.58,0.85,2,1,45,Pressure Drop,1.0,1
2025-01-03 12:46:00,10,90.74,40.77,37.16,1.63,0.91,2,1,29,Pressure Drop,1.0,1
2025-02-01 16:52:00,22,91.6,59.29,47.76,2.89,2.66,2,1,4,Electrical Fault,1.0,1
2025-01-30 11:38:00,11,90.67,41.86,34.3,3.58,0.85,2,1,45,Pressure Drop,1.0,1
2025-02-16 19:16:00,19,91.53,43.15,60.69,4.14,3.18,2,1,14,Vibration Issue,1.0,1
2025-02-21 00:12:00,3,91.7,52.56,54.87,1.15,3.47,2,1,28,Vibration Issue,1.0,1
2025-02-16 19:16:00,19,91.53,43.15,60.69,4.14,3.18,2,1,14,Vibration Issue,1.0,1
2025-02-09 10:56:00,30,84.52,30.78,64.25,3.67,3.53,2,0,219,Electrical Fault,0.0,1
2025-02-28 11:37:00,27,75.86,98.39,38.59,1.29,1.54,2,1,36,Overheating,1.0,1
2025-01-15 00:26:00,16,81.09,56.34,32.99,1.38,4.87,2,0,482,Electrical Fault,0.0,1
2025-01-16 01:02:00,23,80.91,67.69,76.8,2.01,3.39,2,0,431,Pressure Drop,0.0,1
2025-03-05 22:20:00,45,90.12,41.58,61.73,3.83,3.82,2,1,38,Electrical Fault,1.0,1
2025-02-16 23:18:00,37,94.18,54.65,78.9,3.22,4.74,2,1,26,Pressure Drop,1.0,1
2025-01-11 19:23:00,29,68.01,26.86,68.5,2.85,0.53,2,0,136,Electrical Fault,0.0,1
2025-02-21 09:56:00,30,75.71,90.97,70.06,4.34,1.19,2,1,26,Vibration Issue,1.0,1
2025-01-21 03:29:00,13,93.49,84.76,39.78,4.41,3.19,2,1,4,Vibration Issue,1.0,1
2025-02-26 03:23:00,41,77.94,80.8,68.19,3.52,4.4,2,1,26,Overheating,1.0,1
2025-02-10 02:03:00,27,61.27,91.97,32.1,1.68,4.69,2,1,30,Overheating,1.0,1
2025-01-04 16:21:00,38,92.61,34.98,62.41,4.82,1.83,2,1,10,Overheating,1.0,1
2025-01-04 16:21:00,38,92.61,34.98,62.41,4.82,1.83,2,1,10,Overheating,1.0,1
2025-02-02 08:11:00,16,86.68,45.89,47.02,4.98,1.1,2,0,343,Vibration Issue,0.0,1
2025-02-21 00:12:00,3,91.7,52.56,54.87,1.15,3.47,2,1,28,Vibration Issue,1.0,1
2025-02-21 02:54:00,10,79.27,89.76,38.49,2.23,4.32,2,1,23,Overheating,1.0,1
2025-01-16 01:02:00,23,80.91,67.69,76.8,2.01,3.39,2,0,431,Pressure Drop,0.0,1
2025-01-12 00:39:00,43,93.26,31.84,46.07,3.34,2.4,2,1,4,Pressure Drop,1.0,1
2025-02-14 13:47:00,25,94.12,35.01,68.54,2.07,0.54,2,1,49,Electrical Fault,1.0,1
2025-01-08 02:13:00,39,93.2,26.3,49.31,2.55,4.21,2,1,37,Overheating,1.0,1
2025-02-28 11:37:00,27,75.86,98.39,38.59,1.29,1.54,2,1,36,Overheating,1.0,1
2025-02-16 23:18:00,37,94.18,54.65,78.9,3.22,4.74,2,1,26,Pressure Drop,1.0,1
2025-02-25 21:43:00,27,93.16,61.52,63.58,1.22,0.68,2,1,5,Vibration Issue,1.0,1
2025-01-08 15:31:00,10,83.44,80.63,50.28,2.07,4.54,2,1,33,Electrical Fault,1.0,1
2025-02-21 02:54:00,10,79.27,89.76,38.49,2.23,4.32,2,1,23,Overheating,1.0,1
2025-03-05 22:20:00,45,90.12,41.58,61.73,3.83,3.82,2,1,38,Electrical Fault,1.0,1
2025-01-17 02:15:00,7,80.28,35.06,71.39,3.09,3.03,2,0,100,Electrical Fault,0.0,1
2025-02-18 14:51:00,46,93.54,60.77,50.47,2.52,4.87,2,1,44,Pressure Drop,1.0,1
2025-01-07 21:24:00,25,91.93,47.22,65.84,4.34,3.69,1,1,38,Normal,1.0,1
2025-01-31 18:45:00,13,66.07,50.42,65.42,1.87,1.51,2,0,432,Vibration Issue,0.0,1
2025-02-01 16:52:00,22,91.6,59.29,47.76,2.89,2.66,2,1,4,Electrical Fault,1.0,1
2025-02-28 10:58:00,26,99.67,84.69,76.69,4.67,4.08,1,1,17,Normal,1.0,1
2025-02-16 19:16:00,19,91.53,43.15,60.69,4.14,3.18,2,1,14,Vibration Issue,1.0,1
2025-03-03 05:58:00,49,96.37,38.08,68.2,4.4,2.3,2,1,27,Pressure Drop,1.0,1
2025-01-02 17:41:00,32,102.45,57.3,59.12,1.76,1.93,2,1,35,Vibration Issue,1.0,1
2025-02-16 23:18:00,37,94.18,54.65,78.9,3.22,4.74,2,1,26,Pressure Drop,1.0,1
2025-02-16 09:33:00,20,92.98,72.72,78.9,4.71,1.8,2,1,16,Pressure Drop,1.0,1
2025-02-02 08:11:00,16,86.68,45.89,47.02,4.98,1.1,2,0,343,Vibration Issue,0.0,1
2025-02-04 06:40:00,15,90.03,42.67,43.57,3.31,1.97,2,1,49,Overheating,1.0,1
2025-01-08 15:31:00,10,83.44,80.63,50.28,2.07,4.54,2,1,33,Electrical Fault,1.0,1
2025-01-08 15:31:00,10,83.44,80.63,50.28,2.07,4.54,2,1,33,Electrical Fault,1.0,1
2025-02-17 05:44:00,29,84.65,89.37,33.45,2.07,3.78,1,1,45,Normal,1.0,1
2025-01-11 15:25:00,16,79.2,49.49,57.33,1.18,3.62,2,0,486,Overheating,0.0,1
2025-03-05 22:20:00,45,90.12,41.58,61.73,3.83,3.82,2,1,38,Electrical Fault,1.0,1
2025-02-14 13:47:00,25,94.12,35.01,68.54,2.07,0.54,2,1,49,Electrical Fault,1.0,1
2025-02-02 08:11:00,16,86.68,45.89,47.02,4.98,1.1,2,0,343,Vibration Issue,0.0,1
2025-02-16 19:16:00,19,91.53,43.15,60.69,4.14,3.18,2,1,14,Vibration Issue,1.0,1
2025-02-09 10:56:00,30,84.52,30.78,64.25,3.67,3.53,2,0,219,Electrical Fault,0.0,1
2025-02-21 00:12:00,3,91.7,52.56,54.87,1.15,3.47,2,1,28,Vibration Issue,1.0,1
2025-02-11 02:05:00,44,68.46,35.21,38.5,3.67,1.95,2,0,308,Electrical Fault,0.0,1
2025-02-10 02:03:00,27,61.27,91.97,32.1,1.68,4.69,2,1,30,Overheating,1.0,1
2025-02-02 08:11:00,16,86.68,45.89,47.02,4.98,1.1,2,0,343,Vibration Issue,0.0,1
2025-03-07 11:29:00,35,81.93,83.92,56.99,3.55,1.36,2,1,20,Vibration Issue,1.0,1
2025-02-26 08:08:00,28,96.05,43.66,75.99,4.97,2.5,2,1,37,Pressure Drop,1.0,1
2025-02-08 18:16:00,30,50.37,84.41,31.63,3.09,3.72,2,1,19,Overheating,1.0,1
2025-03-05 22:20:00,45,90.12,41.58,61.73,3.83,3.82,2,1,38,Electrical Fault,1.0,1
2025-02-25 21:43:00,27,93.16,61.52,63.58,1.22,0.68,2,1,5,Vibration Issue,1.0,1
2025-01-08 02:13:00,39,93.2,26.3,49.31,2.55,4.21,2,1,37,Overheating,1.0,1
2025-01-29 04:23:00,40,67.41,62.09,57.36,1.98,2.79,2,0,385,Electrical Fault,0.0,1
2025-02-16 19:16:00,19,91.53,43.15,60.69,4.14,3.18,2,1,14,Vibration Issue,1.0,1
2025-02-16 19:16:00,19,91.53,43.15,60.69,4.14,3.18,2,1,14,Vibration Issue,1.0,1
2025-02-04 06:40:00,15,90.03,42.67,43.57,3.31,1.97,2,1,49,Overheating,1.0,1
2025-03-05 16:35:00,49,89.9,22.97,32.28,1.21,3.29,2,0,326,Overheating,0.0,1
2025-03-05 22:20:00,45,90.12,41.58,61.73,3.83,3.82,2,1,38,Electrical Fault,1.0,1
2025-02-28 11:37:00,27,75.86,98.39,38.59,1.29,1.54,2,1,36,Overheating,1.0,1
2025-01-13 03:45:00,27,86.12,74.08,70.79,3.01,4.14,2,0,117,Overheating,0.0,1
2025-01-11 19:23:00,29,68.01,26.86,68.5,2.85,0.53,2,0,136,Electrical Fault,0.0,1
2025-01-08 15:31:00,10,83.44,80.63,50.28,2.07,4.54,2,1,33,Electrical Fault,1.0,1
2025-01-03 12:46:00,10,90.74,40.77,37.16,1.63,0.91,2,1,29,Pressure Drop,1.0,1
2025-01-03 12:46:00,10,90.74,40.77,37.16,1.63,0.91,2,1,29,Pressure Drop,1.0,1
2025-01-24 09:20:00,31,78.61,64.01,69.75,2.15,3.96,2,0,59,Vibration Issue,0.0,1
2025-02-16 23:18:00,37,94.18,54.65,78.9,3.22,4.74,2,1,26,Pressure Drop,1.0,1
2025-03-07 22:59:00,6,73.61,57.62,32.81,2.67,1.01,2,0,94,Vibration Issue,0.0,1
2025-02-04 06:40:00,15,90.03,42.67,43.57,3.31,1.97,2,1,49,Overheating,1.0,1
2025-02-08 18:16:00,30,50.37,84.41,31.63,3.09,3.72,2,1,19,Overheating,1.0,1
2025-01-13 03:45:00,27,86.12,74.08,70.79,3.01,4.14,2,0,117,Overheating,0.0,1
2025-02-18 14:51:00,46,93.54,60.77,50.47,2.52,4.87,2,1,44,Pressure Drop,1.0,1
2025-03-03 05:58:00,49,96.37,38.08,68.2,4.4,2.3,2,1,27,Pressure Drop,1.0,1
2025-03-03 05:58:00,49,96.37,38.08,68.2,4.4,2.3,2,1,27,Pressure Drop,1.0,1
2025-02-28 11:37:00,27,75.86,98.39,38.59,1.29,1.54,2,1,36,Overheating,1.0,1
2025-01-16 01:02:00,23,80.91,67.69,76.8,2.01,3.39,2,0,431,Pressure Drop,0.0,1
2025-02-02 08:11:00,16,86.68,45.89,47.02,4.98,1.1,2,0,343,Vibration Issue,0.0,1
2025-01-31 06:55:00,21,64.17,61.67,72.13,3.35,0.59,2,0,88,Vibration Issue,0.0,1
2025-01-03 12:46:00,10,90.74,40.77,37.16,1.63,0.91,2,1,29,Pressure Drop,1.0,1
2025-01-13 03:45:00,27,86.12,74.08,70.79,3.01,4.14,2,0,117,Overheating,0.0,1
2025-02-10 02:03:00,27,61.27,91.97,32.1,1.68,4.69,2,1,30,Overheating,1.0,1
2025-01-12 00:39:00,43,93.26,31.84,46.07,3.34,2.4,2,1,4,Pressure Drop,1.0,1
2025-01-31 18:45:00,13,66.07,50.42,65.42,1.87,1.51,2,0,432,Vibration Issue,0.0,1
2025-01-04 16:21:00,38,92.61,34.98,62.41,4.82,1.83,2,1,10,Overheating,1.0,1
2025-03-05 22:20:00,45,90.12,41.58,61.73,3.83,3.82,2,1,38,Electrical Fault,1.0,1
2025-01-02 17:41:00,32,102.45,57.3,59.12,1.76,1.93,2,1,35,Vibration Issue,1.0,1
2025-02-16 19:16:00,19,91.53,43.15,60.69,4.14,3.18,2,1,14,Vibration Issue,1.0,1
2025-03-05 16:35:00,49,89.9,22.97,32.28,1.21,3.29,2,0,326,Overheating,0.0,1
2025-01-02 17:41:00,32,102.45,57.3,59.12,1.76,1.93,2,1,35,Vibration Issue,1.0,1
2025-02-16 23:18:00,37,94.18,54.65,78.9,3.22,4.74,2,1,26,Pressure Drop,1.0,1
2025-02-26 08:08:00,28,96.05,43.66,75.99,4.97,2.5,2,1,37,Pressure Drop,1.0,1
2025-03-05 22:20:00,45,90.12,41.58,61.73,3.83,3.82,2,1,38,Electrical Fault,1.0,1
2025-01-15 00:26:00,16,81.09,56.34,32.99,1.38,4.87,2,0,482,Electrical Fault,0.0,1
2025-03-05 22:20:00,45,90.12,41.58,61.73,3.83,3.82,2,1,38,Electrical Fault,1.0,1
2025-03-05 22:20:00,45,90.12,41.58,61.73,3.83,3.82,2,1,38,Electrical Fault,1.0,1
2025-01-13 03:45:00,27,86.12,74.08,70.79,3.01,4.14,2,0,117,Overheating,0.0,1
2025-01-13 03:45:00,27,86.12,74.08,70.79,3.01,4.14,2,0,117,Overheating,0.0,1
2025-02-18 14:51:00,46,93.54,60.77,50.47,2.52,4.87,2,1,44,Pressure Drop,1.0,1
2025-02-25 21:43:00,27,93.16,61.52,63.58,1.22,0.68,2,1,5,Vibration Issue,1.0,1
2025-02-28 10:58:00,26,99.67,84.69,76.69,4.67,4.08,1,1,17,Normal,1.0,1
2025-02-14 13:47:00,25,94.12,35.01,68.54,2.07,0.54,2,1,49,Electrical Fault,1.0,1
2025-02-21 00:12:00,3,91.7,52.56,54.87,1.15,3.47,2,1,28,Vibration Issue,1.0,1
2025-03-05 16:35:00,49,89.9,22.97,32.28,1.21,3.29,2,0,326,Overheating,0.0,1
2025-02-21 09:56:00,30,75.71,90.97,70.06,4.34,1.19,2,1,26,Vibration Issue,1.0,1
2025-02-10 02:03:00,27,61.27,91.97,32.1,1.68,4.69,2,1,30,Overheating,1.0,1
2025-02-10 02:03:00,27,61.27,91.97,32.1,1.68,4.69,2,1,30,Overheating,1.0,1
2025-02-28 10:58:00,26,99.67,84.69,76.69,4.67,4.08,1,1,17,Normal,1.0,1
2025-02-16 19:16:00,19,91.53,43.15,60.69,4.14,3.18,2,1,14,Vibration Issue,1.0,1
2025-02-16 23:18:00,37,94.18,54.65,78.9,3.22,4.74,2,1,26,Pressure Drop,1.0,1
2025-02-16 23:18:00,37,94.18,54.65,78.9,3.22,4.74,2,1,26,Pressure Drop,1.0,1
2025-01-11 15:25:00,16,79.2,49.49,57.33,1.18,3.62,2,0,486,Overheating,0.0,1
2025-03-07 22:59:00,6,73.61,57.62,32.81,2.67,1.01,2,0,94,Vibration Issue,0.0,1
2025-01-07 21:24:00,25,91.93,47.22,65.84,4.34,3.69,1,1,38,Normal,1.0,1
2025-01-11 15:25:00,16,79.2,49.49,57.33,1.18,3.62,2,0,486,Overheating,0.0,1
2025-02-28 10:58:00,26,99.67,84.69,76.69,4.67,4.08,1,1,17,Normal,1.0,1
2025-01-08 02:13:00,39,93.2,26.3,49.31,2.55,4.21,2,1,37,Overheating,1.0,1
2025-02-18 14:51:00,46,93.54,60.77,50.47,2.52,4.87,2,1,44,Pressure Drop,1.0,1
2025-02-21 00:12:00,3,91.7,52.56,54.87,1.15,3.47,2,1,28,Vibration Issue,1.0,1
2025-01-30 11:38:00,11,90.67,41.86,34.3,3.58,0.85,2,1,45,Pressure Drop,1.0,1
2025-02-25 21:43:00,27,93.16,61.52,63.58,1.22,0.68,2,1,5,Vibration Issue,1.0,1
2025-01-30 11:38:00,11,90.67,41.86,34.3,3.58,0.85,2,1,45,Pressure Drop,1.0,1
2025-03-07 22:59:00,6,73.61,57.62,32.81,2.67,1.01,2,0,94,Vibration Issue,0.0,1
2025-02-28 10:58:00,26,99.67,84.69,76.69,4.67,4.08,1,1,17,Normal,1.0,1
2025-01-10 16:45:00,10,90.12,61.52,77.04,1.53,4.24,1,1,23,Normal,1.0,1
2025-01-12 06:24:00,36,86.68,27.73,64.04,3.0,3.45,2,0,61,Vibration Issue,0.0,1
2025-01-12 00:39:00,43,93.26,31.84,46.07,3.34,2.4,2,1,4,Pressure Drop,1.0,1
2025-03-07 22:59:00,6,73.61,57.62,32.81,2.67,1.01,2,0,94,Vibration Issue,0.0,1
2025-01-07 21:24:00,25,91.93,47.22,65.84,4.34,3.69,1,1,38,Normal,1.0,1
2025-01-31 06:55:00,21,64.17,61.67,72.13,3.35,0.59,2,0,88,Vibration Issue,0.0,1
2025-01-03 12:46:00,10,90.74,40.77,37.16,1.63,0.91,2,1,29,Pressure Drop,1.0,1
2025-01-04 16:21:00,38,92.61,34.98,62.41,4.82,1.83,2,1,10,Overheating,1.0,1
2025-01-07 21:24:00,25,91.93,47.22,65.84,4.34,3.69,1,1,38,Normal,1.0,1
2025-01-30 11:38:00,11,90.67,41.86,34.3,3.58,0.85,2,1,45,Pressure Drop,1.0,1
2025-03-05 22:20:00,45,90.12,41.58,61.73,3.83,3.82,2,1,38,Electrical Fault,1.0,1
2025-03-03 05:58:00,49,96.37,38.08,68.2,4.4,2.3,2,1,27,Pressure Drop,1.0,1
2025-02-08 18:16:00,30,50.37,84.41,31.63,3.09,3.72,2,1,19,Overheating,1.0,1
2025-03-07 11:29:00,35,81.93,83.92,56.99,3.55,1.36,2,1,20,Vibration Issue,1.0,1
2025-01-17 02:15:00,7,80.28,35.06,71.39,3.09,3.03,2,0,100,Electrical Fault,0.0,1
2025-02-28 11:37:00,27,75.86,98.39,38.59,1.29,1.54,2,1,36,Overheating,1.0,1
2025-01-17 02:15:00,7,80.28,35.06,71.39,3.09,3.03,2,0,100,Electrical Fault,0.0,1
2025-01-04 16:21:00,38,92.61,34.98,62.41,4.82,1.83,2,1,10,Overheating,1.0,1
2025-02-09 10:56:00,30,84.52,30.78,64.25,3.67,3.53,2,0,219,Electrical Fault,0.0,1
2025-02-21 02:54:00,10,79.27,89.76,38.49,2.23,4.32,2,1,23,Overheating,1.0,1
2025-01-07 21:24:00,25,91.93,47.22,65.84,4.34,3.69,1,1,38,Normal,1.0,1
2025-01-24 09:20:00,31,78.61,64.01,69.75,2.15,3.96,2,0,59,Vibration Issue,0.0,1
2025-02-07 07:01:00,18,90.42,43.5,75.52,4.04,3.51,1,1,35,Normal,1.0,1
2025-01-17 02:15:00,7,80.28,35.06,71.39,3.09,3.03,2,0,100,Electrical Fault,0.0,1
2025-01-17 02:15:00,7,80.28,35.06,71.39,3.09,3.03,2,0,100,Electrical Fault,0.0,1
2025-02-25 21:43:00,27,93.16,61.52,63.58,1.22,0.68,2,1,5,Vibration Issue,1.0,1
2025-02-21 09:56:00,30,75.71,90.97,70.06,4.34,1.19,2,1,26,Vibration Issue,1.0,1
2025-01-08 15:31:00,10,83.44,80.63,50.28,2.07,4.54,2,1,33,Electrical Fault,1.0,1
2025-02-08 18:16:00,30,50.37,84.41,31.63,3.09,3.72,2,1,19,Overheating,1.0,1
2025-02-21 02:54:00,10,79.27,89.76,38.49,2.23,4.32,2,1,23,Overheating,1.0,1
2025-01-26 10:01:00,10,95.34,65.47,73.51,1.16,4.85,2,1,27,Electrical Fault,1.0,1
2025-01-02 17:41:00,32,102.45,57.3,59.12,1.76,1.93,2,1,35,Vibration Issue,1.0,1
2025-03-07 22:59:00,6,73.61,57.62,32.81,2.67,1.01,2,0,94,Vibration Issue,0.0,1
2025-02-09 10:56:00,30,84.52,30.78,64.25,3.67,3.53,2,0,219,Electrical Fault,0.0,1
2025-01-11 10:45:00,36,90.15,40.55,59.94,3.71,2.51,0,1,4,Normal,1.0,1
2025-01-12 00:39:00,43,93.26,31.84,46.07,3.34,2.4,2,1,4,Pressure Drop,1.0,1
2025-02-26 03:23:00,41,77.94,80.8,68.19,3.52,4.4,2,1,26,Overheating,1.0,1
2025-02-04 06:40:00,15,90.03,42.67,43.57,3.31,1.97,2,1,49,Overheating,1.0,1
2025-03-07 11:29:00,35,81.93,83.92,56.99,3.55,1.36,2,1,20,Vibration Issue,1.0,1
2025-01-03 12:46:00,10,90.74,40.77,37.16,1.63,0.91,2,1,29,Pressure Drop,1.0,1
2025-02-03 21:37:00,12,72.27,76.32,48.75,4.26,3.81,2,0,494,Vibration Issue,0.0,1
2025-03-03 05:58:00,49,96.37,38.08,68.2,4.4,2.3,2,1,27,Pressure Drop,1.0,1
2025-02-17 05:44:00,29,84.65,89.37,33.45,2.07,3.78,1,1,45,Normal,1.0,1
2025-01-08 02:13:00,39,93.2,26.3,49.31,2.55,4.21,2,1,37,Overheating,1.0,1
2025-02-16 19:16:00,19,91.53,43.15,60.69,4.14,3.18,2,1,14,Vibration Issue,1.0,1
2025-03-05 22:20:00,45,90.12,41.58,61.73,3.83,3.82,2,1,38,Electrical Fault,1.0,1
2025-02-02 08:11:00,16,86.68,45.89,47.02,4.98,1.1,2,0,343,Vibration Issue,0.0,1
2025-02-03 21:37:00,12,72.27,76.32,48.75,4.26,3.81,2,0,494,Vibration Issue,0.0,1
2025-02-16 23:18:00,37,94.18,54.65,78.9,3.22,4.74,2,1,26,Pressure Drop,1.0,1
2025-01-26 10:01:00,10,95.34,65.47,73.51,1.16,4.85,2,1,27,Electrical Fault,1.0,1
2025-01-08 11:02:00,31,77.55,81.11,58.73,2.57,4.57,2,1,23,Electrical Fault,1.0,1
2025-01-08 02:13:00,39,93.2,26.3,49.31,2.55,4.21,2,1,37,Overheating,1.0,1
2025-02-16 23:18:00,37,94.18,54.65,78.9,3.22,4.74,2,1,26,Pressure Drop,1.0,1
2025-03-08 09:34:00,43,103.18,70.95,76.2,1.5,2.41,2,1,46,Vibration Issue,1.0,1
2025-03-03 05:58:00,49,96.37,38.08,68.2,4.4,2.3,2,1,27,Pressure Drop,1.0,1
2025-01-15 00:26:00,16,81.09,56.34,32.99,1.38,4.87,2,0,482,Electrical Fault,0.0,1
2025-01-08 02:13:00,39,93.2,26.3,49.31,2.55,4.21,2,1,37,Overheating,1.0,1
2025-01-03 12:46:00,10,90.74,40.77,37.16,1.63,0.91,2,1,29,Pressure Drop,1.0,1
2025-02-26 08:08:00,28,96.05,43.66,75.99,4.97,2.5,2,1,37,Pressure Drop,1.0,1
2025-02-16 19:16:00,19,91.53,43.15,60.69,4.14,3.18,2,1,14,Vibration Issue,1.0,1
2025-03-07 11:29:00,35,81.93,83.92,56.99,3.55,1.36,2,1,20,Vibration Issue,1.0,1
2025-02-08 18:16:00,30,50.37,84.41,31.63,3.09,3.72,2,1,19,Overheating,1.0,1
2025-03-05 22:20:00,45,90.12,41.58,61.73,3.83,3.82,2,1,38,Electrical Fault,1.0,1
2025-03-07 11:29:00,35,81.93,83.92,56.99,3.55,1.36,2,1,20,Vibration Issue,1.0,1
2025-01-15 00:26:00,16,81.09,56.34,32.99,1.38,4.87,2,0,482,Electrical Fault,0.0,1
2025-01-04 16:21:00,38,92.61,34.98,62.41,4.82,1.83,2,1,10,Overheating,1.0,1
2025-01-13 03:45:00,27,86.12,74.08,70.79,3.01,4.14,2,0,117,Overheating,0.0,1
2025-01-08 02:13:00,39,93.2,26.3,49.31,2.55,4.21,2,1,37,Overheating,1.0,1
2025-02-21 09:56:00,30,75.71,90.97,70.06,4.34,1.19,2,1,26,Vibration Issue,1.0,1
2025-02-14 13:47:00,25,94.12,35.01,68.54,2.07,0.54,2,1,49,Electrical Fault,1.0,1
2025-01-03 12:46:00,10,90.74,40.77,37.16,1.63,0.91,2,1,29,Pressure Drop,1.0,1
2025-02-09 10:56:00,30,84.52,30.78,64.25,3.67,3.53,2,0,219,Electrical Fault,0.0,1
2025-01-17 02:15:00,7,80.28,35.06,71.39,3.09,3.03,2,0,100,Electrical Fault,0.0,1
2025-02-16 23:18:00,37,94.18,54.65,78.9,3.22,4.74,2,1,26,Pressure Drop,1.0,1
2025-01-30 11:38:00,11,90.67,41.86,34.3,3.58,0.85,2,1,45,Pressure Drop,1.0,1
2025-01-02 17:41:00,32,102.45,57.3,59.12,1.76,1.93,2,1,35,Vibration Issue,1.0,1
2025-01-16 01:02:00,23,80.91,67.69,76.8,2.01,3.39,2,0,431,Pressure Drop,0.0,1
2025-01-13 03:45:00,27,86.12,74.08,70.79,3.01,4.14,2,0,117,Overheating,0.0,1
2025-02-09 10:56:00,30,84.52,30.78,64.25,3.67,3.53,2,0,219,Electrical Fault,0.0,1
2025-01-08 15:31:00,10,83.44,80.63,50.28,2.07,4.54,2,1,33,Electrical Fault,1.0,1
2025-03-05 16:35:00,49,89.9,22.97,32.28,1.21,3.29,2,0,326,Overheating,0.0,1
2025-02-21 02:54:00,10,79.27,89.76,38.49,2.23,4.32,2,1,23,Overheating,1.0,1
2025-02-04 06:40:00,15,90.03,42.67,43.57,3.31,1.97,2,1,49,Overheating,1.0,1
2025-02-24 01:37:00,45,90.05,59.49,57.26,4.69,2.38,2,1,4,Overheating,1.0,1
2025-02-18 14:51:00,46,93.54,60.77,50.47,2.52,4.87,2,1,44,Pressure Drop,1.0,1
2025-01-10 16:45:00,10,90.12,61.52,77.04,1.53,4.24,1,1,23,Normal,1.0,1
2025-01-11 19:23:00,29,68.01,26.86,68.5,2.85,0.53,2,0,136,Electrical Fault,0.0,1
2025-02-18 14:51:00,46,93.54,60.77,50.47,2.52,4.87,2,1,44,Pressure Drop,1.0,1
2025-02-26 08:08:00,28,96.05,43.66,75.99,4.97,2.5,2,1,37,Pressure Drop,1.0,1
2025-02-07 07:01:00,18,90.42,43.5,75.52,4.04,3.51,1,1,35,Normal,1.0,1
2025-02-02 08:11:00,16,86.68,45.89,47.02,4.98,1.1,2,0,343,Vibration Issue,0.0,1
2025-02-16 23:18:00,37,94.18,54.65,78.9,3.22,4.74,2,1,26,Pressure Drop,1.0,1
2025-01-08 15:31:00,10,83.44,80.63,50.28,2.07,4.54,2,1,33,Electrical Fault,1.0,1
2025-02-26 08:08:00,28,96.05,43.66,75.99,4.97,2.5,2,1,37,Pressure Drop,1.0,1
2025-01-13 03:45:00,27,86.12,74.08,70.79,3.01,4.14,2,0,117,Overheating,0.0,1
2025-01-08 02:13:00,39,93.2,26.3,49.31,2.55,4.21,2,1,37,Overheating,1.0,1
2025-01-08 11:02:00,31,77.55,81.11,58.73,2.57,4.57,2,1,23,Electrical Fault,1.0,1
2025-02-21 09:56:00,30,75.71,90.97,70.06,4.34,1.19,2,1,26,Vibration Issue,1.0,1
2025-02-21 09:56:00,30,75.71,90.97,70.06,4.34,1.19,2,1,26,Vibration Issue,1.0,1
2025-01-24 09:20:00,31,78.61,64.01,69.75,2.15,3.96,2,0,59,Vibration Issue,0.0,1
2025-03-05 22:20:00,45,90.12,41.58,61.73,3.83,3.82,2,1,38,Electrical Fault,1.0,1
2025-01-05 19:14:00,13,81.63,61.76,75.97,3.12,3.27,2,0,134,Electrical Fault,0.0,1
2025-01-30 11:38:00,11,90.67,41.86,34.3,3.58,0.85,2,1,45,Pressure Drop,1.0,1
2025-03-07 11:29:00,35,81.93,83.92,56.99,3.55,1.36,2,1,20,Vibration Issue,1.0,1
2025-02-21 00:12:00,3,91.7,52.56,54.87,1.15,3.47,2,1,28,Vibration Issue,1.0,1
2025-02-25 21:43:00,27,93.16,61.52,63.58,1.22,0.68,2,1,5,Vibration Issue,1.0,1
2025-01-11 10:45:00,36,90.15,40.55,59.94,3.71,2.51,0,1,4,Normal,1.0,1
2025-02-01 16:52:00,22,91.6,59.29,47.76,2.89,2.66,2,1,4,Electrical Fault,1.0,1
2025-01-30 11:38:00,11,90.67,41.86,34.3,3.58,0.85,2,1,45,Pressure Drop,1.0,1
2025-01-05 19:14:00,13,81.63,61.76,75.97,3.12,3.27,2,0,134,Electrical Fault,0.0,1
2025-02-08 18:16:00,30,50.37,84.41,31.63,3.09,3.72,2,1,19,Overheating,1.0,1
2025-02-03 02:46:00,7,92.32,50.82,44.88,2.59,3.73,1,1,1,Normal,1.0,1
2025-02-03 02:46:00,7,92.32,50.82,44.88,2.59,3.73,1,1,1,Normal,1.0,1
2025-01-12 00:39:00,43,93.26,31.84,46.07,3.34,2.4,2,1,4,Pressure Drop,1.0,1
2025-01-12 00:39:00,43,93.26,31.84,46.07,3.34,2.4,2,1,4,Pressure Drop,1.0,1
2025-02-16 23:18:00,37,94.18,54.65,78.9,3.22,4.74,2,1,26,Pressure Drop,1.0,1
2025-01-17 02:15:00,7,80.28,35.06,71.39,3.09,3.03,2,0,100,Electrical Fault,0.0,1
2025-01-09 14:59:00,29,97.97,46.15,57.55,2.26,4.81,2,1,28,Vibration Issue,1.0,1
2025-02-24 01:37:00,45,90.05,59.49,57.26,4.69,2.38,2,1,4,Overheating,1.0,1
2025-02-14 13:47:00,25,94.12,35.01,68.54,2.07,0.54,2,1,49,Electrical Fault,1.0,1
2025-02-11 02:05:00,44,68.46,35.21,38.5,3.67,1.95,2,0,308,Electrical Fault,0.0,1
2025-02-14 13:47:00,25,94.12,35.01,68.54,2.07,0.54,2,1,49,Electrical Fault,1.0,1
2025-02-28 11:37:00,27,75.86,98.39,38.59,1.29,1.54,2,1,36,Overheating,1.0,1
2025-01-16 01:02:00,23,80.91,67.69,76.8,2.01,3.39,2,0,431,Pressure Drop,0.0,1
2025-02-09 10:56:00,30,84.52,30.78,64.25,3.67,3.53,2,0,219,Electrical Fault,0.0,1
2025-02-20 21:30:00,50,73.35,40.5,79.16,1.4,4.28,2,0,419,Overheating,0.0,1
2025-02-16 23:18:00,37,94.18,54.65,78.9,3.22,4.74,2,1,26,Pressure Drop,1.0,1
2025-01-11 19:23:00,29,68.01,26.86,68.5,2.85,0.53,2,0,136,Electrical Fault,0.0,1
2025-01-17 02:15:00,7,80.28,35.06,71.39,3.09,3.03,2,0,100,Electrical Fault,0.0,1
2025-02-01 16:52:00,22,91.6,59.29,47.76,2.89,2.66,2,1,4,Electrical Fault,1.0,1
2025-01-30 11:38:00,11,90.67,41.86,34.3,3.58,0.85,2,1,45,Pressure Drop,1.0,1
2025-02-21 09:56:00,30,75.71,90.97,70.06,4.34,1.19,2,1,26,Vibration Issue,1.0,1
2025-01-08 15:31:00,10,83.44,80.63,50.28,2.07,4.54,2,1,33,Electrical Fault,1.0,1
2025-02-28 10:58:00,26,99.67,84.69,76.69,4.67,4.08,1,1,17,Normal,1.0,1
2025-02-26 08:08:00,28,96.05,43.66,75.99,4.97,2.5,2,1,37,Pressure Drop,1.0,1
2025-02-01 16:52:00,22,91.6,59.29,47.76,2.89,2.66,2,1,4,Electrical Fault,1.0,1
2025-03-07 11:29:00,35,81.93,83.92,56.99,3.55,1.36,2,1,20,Vibration Issue,1.0,1
2025-01-29 04:23:00,40,67.41,62.09,57.36,1.98,2.79,2,0,385,Electrical Fault,0.0,1
2025-01-08 15:31:00,10,83.44,80.63,50.28,2.07,4.54,2,1,33,Electrical Fault,1.0,1
2025-03-07 22:59:00,6,73.61,57.62,32.81,2.67,1.01,2,0,94,Vibration Issue,0.0,1
2025-02-24 01:37:00,45,90.05,59.49,57.26,4.69,2.38,2,1,4,Overheating,1.0,1
2025-02-08 18:16:00,30,50.37,84.41,31.63,3.09,3.72,2,1,19,Overheating,1.0,1
2025-02-10 02:03:00,27,61.27,91.97,32.1,1.68,4.69,2,1,30,Overheating,1.0,1
2025-01-31 06:55:00,21,64.17,61.67,72.13,3.35,0.59,2,0,88,Vibration Issue,0.0,1
2025-03-05 16:35:00,49,89.9,22.97,32.28,1.21,3.29,2,0,326,Overheating,0.0,1
2025-01-11 19:23:00,29,68.01,26.86,68.5,2.85,0.53,2,0,136,Electrical Fault,0.0,1
2025-02-28 10:58:00,26,99.67,84.69,76.69,4.67,4.08,1,1,17,Normal,1.0,1
2025-03-07 22:59:00,6,73.61,57.62,32.81,2.67,1.01,2,0,94,Vibration Issue,0.0,1
2025-01-11 19:23:00,29,68.01,26.86,68.5,2.85,0.53,2,0,136,Electrical Fault,0.0,1
2025-01-30 11:38:00,11,90.67,41.86,34.3,3.58,0.85,2,1,45,Pressure Drop,1.0,1
2025-01-13 03:45:00,27,86.12,74.08,70.79,3.01,4.14,2,0,117,Overheating,0.0,1
2025-03-05 22:20:00,45,90.12,41.58,61.73,3.83,3.82,2,1,38,Electrical Fault,1.0,1
2025-02-09 10:56:00,30,84.52,30.78,64.25,3.67,3.53,2,0,219,Electrical Fault,0.0,1
2025-02-09 10:56:00,30,84.52,30.78,64.25,3.67,3.53,2,0,219,Electrical Fault,0.0,1
2025-03-07 11:29:00,35,81.93,83.92,56.99,3.55,1.36,2,1,20,Vibration Issue,1.0,1
2025-02-08 18:16:00,30,50.37,84.41,31.63,3.09,3.72,2,1,19,Overheating,1.0,1
2025-02-10 02:03:00,27,61.27,91.97,32.1,1.68,4.69,2,1,30,Overheating,1.0,1
2025-02-21 09:56:00,30,75.71,90.97,70.06,4.34,1.19,2,1,26,Vibration Issue,1.0,1
2025-03-06 01:39:00,40,75.33,42.8,72.97,3.42,4.58,2,0,10,Vibration Issue,0.0,1
2025-02-16 23:18:00,37,94.18,54.65,78.9,3.22,4.74,2,1,26,Pressure Drop,1.0,1
2025-02-16 23:18:00,37,94.18,54.65,78.9,3.22,4.74,2,1,26,Pressure Drop,1.0,1
2025-02-08 18:16:00,30,50.37,84.41,31.63,3.09,3.72,2,1,19,Overheating,1.0,1
2025-03-03 05:58:00,49,96.37,38.08,68.2,4.4,2.3,2,1,27,Pressure Drop,1.0,1
2025-01-15 00:26:00,16,81.09,56.34,32.99,1.38,4.87,2,0,482,Electrical Fault,0.0,1
2025-02-11 02:05:00,44,68.46,35.21,38.5,3.67,1.95,2,0,308,Electrical Fault,0.0,1
2025-02-21 02:54:00,10,79.27,89.76,38.49,2.23,4.32,2,1,23,Overheating,1.0,1
2025-02-10 02:03:00,27,61.27,91.97,32.1,1.68,4.69,2,1,30,Overheating,1.0,1
2025-02-16 19:16:00,19,91.53,43.15,60.69,4.14,3.18,2,1,14,Vibration Issue,1.0,1
2025-02-16 23:18:00,37,94.18,54.65,78.9,3.22,4.74,2,1,26,Pressure Drop,1.0,1
2025-01-26 10:01:00,10,95.34,65.47,73.51,1.16,4.85,2,1,27,Electrical Fault,1.0,1
2025-01-16 01:02:00,23,80.91,67.69,76.8,2.01,3.39,2,0,431,Pressure Drop,0.0,1
2025-01-11 15:25:00,16,79.2,49.49,57.33,1.18,3.62,2,0,486,Overheating,0.0,1
2025-01-02 17:41:00,32,102.45,57.3,59.12,1.76,1.93,2,1,35,Vibration Issue,1.0,1
2025-02-28 11:37:00,27,75.86,98.39,38.59,1.29,1.54,2,1,36,Overheating,1.0,1
2025-02-03 21:37:00,12,72.27,76.32,48.75,4.26,3.81,2,0,494,Vibration Issue,0.0,1
2025-02-16 23:18:00,37,94.18,54.65,78.9,3.22,4.74,2,1,26,Pressure Drop,1.0,1
2025-01-31 18:45:00,13,66.07,50.42,65.42,1.87,1.51,2,0,432,Vibration Issue,0.0,1
2025-03-05 16:35:00,49,89.9,22.97,32.28,1.21,3.29,2,0,326,Overheating,0.0,1
2025-02-21 09:56:00,30,75.71,90.97,70.06,4.34,1.19,2,1,26,Vibration Issue,1.0,1
2025-03-05 16:35:00,49,89.9,22.97,32.28,1.21,3.29,2,0,326,Overheating,0.0,1
2025-02-09 10:56:00,30,84.52,30.78,64.25,3.67,3.53,2,0,219,Electrical Fault,0.0,1
2025-01-30 11:38:00,11,90.67,41.86,34.3,3.58,0.85,2,1,45,Pressure Drop,1.0,1
2025-02-25 21:43:00,27,93.16,61.52,63.58,1.22,0.68,2,1,5,Vibration Issue,1.0,1
2025-02-14 13:47:00,25,94.12,35.01,68.54,2.07,0.54,2,1,49,Electrical Fault,1.0,1
2025-01-16 01:02:00,23,80.91,67.69,76.8,2.01,3.39,2,0,431,Pressure Drop,0.0,1
2025-02-21 02:54:00,10,79.27,89.76,38.49,2.23,4.32,2,1,23,Overheating,1.0,1
2025-02-16 19:16:00,19,91.53,43.15,60.69,4.14,3.18,2,1,14,Vibration Issue,1.0,1
2025-02-09 10:56:00,30,84.52,30.78,64.25,3.67,3.53,2,0,219,Electrical Fault,0.0,1
2025-03-05 22:20:00,45,90.12,41.58,61.73,3.83,3.82,2,1,38,Electrical Fault,1.0,1
2025-02-02 08:11:00,16,86.68,45.89,47.02,4.98,1.1,2,0,343,Vibration Issue,0.0,1
2025-03-05 22:20:00,45,90.12,41.58,61.73,3.83,3.82,2,1,38,Electrical Fault,1.0,1
2025-02-28 11:37:00,27,75.86,98.39,38.59,1.29,1.54,2,1,36,Overheating,1.0,1
2025-02-16 19:16:00,19,91.53,43.15,60.69,4.14,3.18,2,1,14,Vibration Issue,1.0,1
2025-02-25 21:43:00,27,93.16,61.52,63.58,1.22,0.68,2,1,5,Vibration Issue,1.0,1
2025-02-14 13:47:00,25,94.12,35.01,68.54,2.07,0.54,2,1,49,Electrical Fault,1.0,1
2025-02-25 21:43:00,27,93.16,61.52,63.58,1.22,0.68,2,1,5,Vibration Issue,1.0,1
2025-02-26 08:08:00,28,96.05,43.66,75.99,4.97,2.5,2,1,37,Pressure Drop,1.0,1
2025-02-25 21:43:00,27,93.16,61.52,63.58,1.22,0.68,2,1,5,Vibration Issue,1.0,1
2025-01-03 12:46:00,10,90.74,40.77,37.16,1.63,0.91,2,1,29,Pressure Drop,1.0,1
2025-02-16 23:18:00,37,94.18,54.65,78.9,3.22,4.74,2,1,26,Pressure Drop,1.0,1
2025-02-21 00:12:00,3,91.7,52.56,54.87,1.15,3.47,2,1,28,Vibration Issue,1.0,1
2025-02-08 18:16:00,30,50.37,84.41,31.63,3.09,3.72,2,1,19,Overheating,1.0,1
2025-02-09 10:56:00,30,84.52,30.78,64.25,3.67,3.53,2,0,219,Electrical Fault,0.0,1
2025-01-29 04:23:00,40,67.41,62.09,57.36,1.98,2.79,2,0,385,Electrical Fault,0.0,1
2025-02-08 18:16:00,30,50.37,84.41,31.63,3.09,3.72,2,1,19,Overheating,1.0,1
2025-01-17 02:15:00,7,80.28,35.06,71.39,3.09,3.03,2,0,100,Electrical Fault,0.0,1
2025-02-16 23:18:00,37,94.18,54.65,78.9,3.22,4.74,2,1,26,Pressure Drop,1.0,1
2025-03-03 05:58:00,49,96.37,38.08,68.2,4.4,2.3,2,1,27,Pressure Drop,1.0,1
2025-01-08 02:13:00,39,93.2,26.3,49.31,2.55,4.21,2,1,37,Overheating,1.0,1
2025-02-28 11:37:00,27,75.86,98.39,38.59,1.29,1.54,2,1,36,Overheating,1.0,1
2025-01-12 11:44:00,24,74.99,28.0,68.69,2.0,2.35,2,0,214,Electrical Fault,0.0,1
2025-01-12 00:39:00,43,93.26,31.84,46.07,3.34,2.4,2,1,4,Pressure Drop,1.0,1
2025-02-25 21:43:00,27,93.16,61.52,63.58,1.22,0.68,2,1,5,Vibration Issue,1.0,1
2025-03-05 22:20:00,45,90.12,41.58,61.73,3.83,3.82,2,1,38,Electrical Fault,1.0,1
2025-02-24 01:37:00,45,90.05,59.49,57.26,4.69,2.38,2,1,4,Overheating,1.0,1
2025-02-16 19:16:00,19,91.53,43.15,60.69,4.14,3.18,2,1,14,Vibration Issue,1.0,1
2025-02-16 19:16:00,19,91.53,43.15,60.69,4.14,3.18,2,1,14,Vibration Issue,1.0,1
2025-01-04 16:21:00,38,92.61,34.98,62.41,4.82,1.83,2,1,10,Overheating,1.0,1
2025-01-11 19:23:00,29,68.01,26.86,68.5,2.85,0.53,2,0,136,Electrical Fault,0.0,1
2025-02-10 02:03:00,27,61.27,91.97,32.1,1.68,4.69,2,1,30,Overheating,1.0,1
2025-02-16 19:16:00,19,91.53,43.15,60.69,4.14,3.18,2,1,14,Vibration Issue,1.0,1
2025-02-16 23:18:00,37,94.18,54.65,78.9,3.22,4.74,2,1,26,Pressure Drop,1.0,1
2025-01-24 09:20:00,31,78.61,64.01,69.75,2.15,3.96,2,0,59,Vibration Issue,0.0,1
2025-01-30 11:38:00,11,90.67,41.86,34.3,3.58,0.85,2,1,45,Pressure Drop,1.0,1
2025-01-07 21:24:00,25,91.93,47.22,65.84,4.34,3.69,1,1,38,Normal,1.0,1
2025-03-05 22:20:00,45,90.12,41.58,61.73,3.83,3.82,2,1,38,Electrical Fault,1.0,1
2025-02-09 10:56:00,30,84.52,30.78,64.25,3.67,3.53,2,0,219,Electrical Fault,0.0,1
2025-02-16 19:16:00,19,91.53,43.15,60.69,4.14,3.18,2,1,14,Vibration Issue,1.0,1
2025-02-09 10:56:00,30,84.52,30.78,64.25,3.67,3.53,2,0,219,Electrical Fault,0.0,1
2025-03-07 11:29:00,35,81.93,83.92,56.99,3.55,1.36,2,1,20,Vibration Issue,1.0,1
2025-01-24 09:20:00,31,78.61,64.01,69.75,2.15,3.96,2,0,59,Vibration Issue,0.0,1
2025-01-07 21:24:00,25,91.93,47.22,65.84,4.34,3.69,1,1,38,Normal,1.0,1
2025-01-07 21:24:00,25,91.93,47.22,65.84,4.34,3.69,1,1,38,Normal,1.0,1
2025-01-08 11:02:00,31,77.55,81.11,58.73,2.57,4.57,2,1,23,Electrical Fault,1.0,1
2025-01-05 19:14:00,13,81.63,61.76,75.97,3.12,3.27,2,0,134,Electrical Fault,0.0,1
2025-01-08 15:31:00,10,83.44,80.63,50.28,2.07,4.54,2,1,33,Electrical Fault,1.0,1
2025-01-11 15:25:00,16,79.2,49.49,57.33,1.18,3.62,2,0,486,Overheating,0.0,1
2025-03-07 11:29:00,35,81.93,83.92,56.99,3.55,1.36,2,1,20,Vibration Issue,1.0,1
2025-02-10 02:03:00,27,61.27,91.97,32.1,1.68,4.69,2,1,30,Overheating,1.0,1
2025-02-28 10:58:00,26,99.67,84.69,76.69,4.67,4.08,1,1,17,Normal,1.0,1
2025-02-26 03:23:00,41,77.94,80.8,68.19,3.52,4.4,2,1,26,Overheating,1.0,1
2025-02-21 02:54:00,10,79.27,89.76,38.49,2.23,4.32,2,1,23,Overheating,1.0,1
2025-02-10 02:03:00,27,61.27,91.97,32.1,1.68,4.69,2,1,30,Overheating,1.0,1
2025-01-17 02:15:00,7,80.28,35.06,71.39,3.09,3.03,2,0,100,Electrical Fault,0.0,1
2025-02-09 10:56:00,30,84.52,30.78,64.25,3.67,3.53,2,0,219,Electrical Fault,0.0,1
2025-02-21 09:56:00,30,75.71,90.97,70.06,4.34,1.19,2,1,26,Vibration Issue,1.0,1
2025-02-21 02:54:00,10,79.27,89.76,38.49,2.23,4.32,2,1,23,Overheating,1.0,1
2025-01-08 02:13:00,39,93.2,26.3,49.31,2.55,4.21,2,1,37,Overheating,1.0,1
2025-02-24 01:37:00,45,90.05,59.49,57.26,4.69,2.38,2,1,4,Overheating,1.0,1
2025-03-05 16:35:00,49,89.9,22.97,32.28,1.21,3.29,2,0,326,Overheating,0.0,1
2025-02-28 11:37:00,27,75.86,98.39,38.59,1.29,1.54,2,1,36,Overheating,1.0,1
2025-02-26 08:08:00,28,96.05,43.66,75.99,4.97,2.5,2,1,37,Pressure Drop,1.0,1
2025-02-10 02:03:00,27,61.27,91.97,32.1,1.68,4.69,2,1,30,Overheating,1.0,1
2025-01-26 10:01:00,10,95.34,65.47,73.51,1.16,4.85,2,1,27,Electrical Fault,1.0,1
2025-02-21 02:54:00,10,79.27,89.76,38.49,2.23,4.32,2,1,23,Overheating,1.0,1
2025-02-21 09:56:00,30,75.71,90.97,70.06,4.34,1.19,2,1,26,Vibration Issue,1.0,1
2025-02-18 14:51:00,46,93.54,60.77,50.47,2.52,4.87,2,1,44,Pressure Drop,1.0,1
2025-02-16 19:16:00,19,91.53,43.15,60.69,4.14,3.18,2,1,14,Vibration Issue,1.0,1
2025-02-16 23:18:00,37,94.18,54.65,78.9,3.22,4.74,2,1,26,Pressure Drop,1.0,1
2025-01-12 00:39:00,43,93.26,31.84,46.07,3.34,2.4,2,1,4,Pressure Drop,1.0,1
2025-02-03 21:37:00,12,72.27,76.32,48.75,4.26,3.81,2,0,494,Vibration Issue,0.0,1
2025-03-07 22:59:00,6,73.61,57.62,32.81,2.67,1.01,2,0,94,Vibration Issue,0.0,1
2025-01-03 12:46:00,10,90.74,40.77,37.16,1.63,0.91,2,1,29,Pressure Drop,1.0,1
2025-01-08 02:13:00,39,93.2,26.3,49.31,2.55,4.21,2,1,37,Overheating,1.0,1
2025-02-16 23:18:00,37,94.18,54.65,78.9,3.22,4.74,2,1,26,Pressure Drop,1.0,1
2025-01-07 21:24:00,25,91.93,47.22,65.84,4.34,3.69,1,1,38,Normal,1.0,1
2025-01-08 15:31:00,10,83.44,80.63,50.28,2.07,4.54,2,1,33,Electrical Fault,1.0,1
2025-02-21 02:54:00,10,79.27,89.76,38.49,2.23,4.32,2,1,23,Overheating,1.0,1
2025-01-31 06:55:00,21,64.17,61.67,72.13,3.35,0.59,2,0,88,Vibration Issue,0.0,1
2025-02-16 19:16:00,19,91.53,43.15,60.69,4.14,3.18,2,1,14,Vibration Issue,1.0,1
2025-02-10 02:03:00,27,61.27,91.97,32.1,1.68,4.69,2,1,30,Overheating,1.0,1
2025-01-08 02:13:00,39,93.2,26.3,49.31,2.55,4.21,2,1,37,Overheating,1.0,1
2025-02-14 13:47:00,25,94.12,35.01,68.54,2.07,0.54,2,1,49,Electrical Fault,1.0,1
2025-01-08 11:02:00,31,77.55,81.11,58.73,2.57,4.57,2,1,23,Electrical Fault,1.0,1
2025-02-28 10:58:00,26,99.67,84.69,76.69,4.67,4.08,1,1,17,Normal,1.0,1
2025-02-21 00:12:00,3,91.7,52.56,54.87,1.15,3.47,2,1,28,Vibration Issue,1.0,1
2025-02-04 06:40:00,15,90.03,42.67,43.57,3.31,1.97,2,1,49,Overheating,1.0,1
2025-01-13 03:45:00,27,86.12,74.08,70.79,3.01,4.14,2,0,117,Overheating,0.0,1
2025-02-01 16:52:00,22,91.6,59.29,47.76,2.89,2.66,2,1,4,Electrical Fault,1.0,1
2025-01-12 06:24:00,36,86.68,27.73,64.04,3.0,3.45,2,0,61,Vibration Issue,0.0,1
2025-02-02 08:11:00,16,86.68,45.89,47.02,4.98,1.1,2,0,343,Vibration Issue,0.0,1
2025-01-30 11:38:00,11,90.67,41.86,34.3,3.58,0.85,2,1,45,Pressure Drop,1.0,1
2025-01-17 02:15:00,7,80.28,35.06,71.39,3.09,3.03,2,0,100,Electrical Fault,0.0,1
2025-02-26 08:08:00,28,96.05,43.66,75.99,4.97,2.5,2,1,37,Pressure Drop,1.0,1
2025-02-16 23:18:00,37,94.18,54.65,78.9,3.22,4.74,2,1,26,Pressure Drop,1.0,1
2025-02-08 18:16:00,30,50.37,84.41,31.63,3.09,3.72,2,1,19,Overheating,1.0,1
2025-02-03 21:37:00,12,72.27,76.32,48.75,4.26,3.81,2,0,494,Vibration Issue,0.0,1
2025-03-05 16:35:00,49,89.9,22.97,32.28,1.21,3.29,2,0,326,Overheating,0.0,1
2025-02-02 08:11:00,16,86.68,45.89,47.02,4.98,1.1,2,0,343,Vibration Issue,0.0,1
2025-02-16 23:18:00,37,94.18,54.65,78.9,3.22,4.74,2,1,26,Pressure Drop,1.0,1
2025-02-03 21:37:00,12,72.27,76.32,48.75,4.26,3.81,2,0,494,Vibration Issue,0.0,1
2025-01-08 15:31:00,10,83.44,80.63,50.28,2.07,4.54,2,1,33,Electrical Fault,1.0,1
2025-02-03 02:46:00,7,92.32,50.82,44.88,2.59,3.73,1,1,1,Normal,1.0,1
2025-02-01 16:52:00,22,91.6,59.29,47.76,2.89,2.66,2,1,4,Electrical Fault,1.0,1
2025-02-04 06:40:00,15,90.03,42.67,43.57,3.31,1.97,2,1,49,Overheating,1.0,1
2025-02-28 10:58:00,26,99.67,84.69,76.69,4.67,4.08,1,1,17,Normal,1.0,1
2025-01-17 02:15:00,7,80.28,35.06,71.39,3.09,3.03,2,0,100,Electrical Fault,0.0,1
2025-01-08 02:13:00,39,93.2,26.3,49.31,2.55,4.21,2,1,37,Overheating,1.0,1
2025-02-10 02:03:00,27,61.27,91.97,32.1,1.68,4.69,2,1,30,Overheating,1.0,1
2025-02-08 18:16:00,30,50.37,84.41,31.63,3.09,3.72,2,1,19,Overheating,1.0,1
2025-02-21 02:54:00,10,79.27,89.76,38.49,2.23,4.32,2,1,23,Overheating,1.0,1
2025-01-12 06:24:00,36,86.68,27.73,64.04,3.0,3.45,2,0,61,Vibration Issue,0.0,1
2025-01-21 03:29:00,13,93.49,84.76,39.78,4.41,3.19,2,1,4,Vibration Issue,1.0,1
2025-02-09 10:56:00,30,84.52,30.78,64.25,3.67,3.53,2,0,219,Electrical Fault,0.0,1
2025-01-04 16:21:00,38,92.61,34.98,62.41,4.82,1.83,2,1,10,Overheating,1.0,1
2025-02-16 23:18:00,37,94.18,54.65,78.9,3.22,4.74,2,1,26,Pressure Drop,1.0,1
2025-01-11 10:45:00,36,90.15,40.55,59.94,3.71,2.51,0,1,4,Normal,1.0,1
2025-01-31 06:55:00,21,64.17,61.67,72.13,3.35,0.59,2,0,88,Vibration Issue,0.0,1
2025-03-07 11:29:00,35,81.93,83.92,56.99,3.55,1.36,2,1,20,Vibration Issue,1.0,1
2025-01-03 12:46:00,10,90.74,40.77,37.16,1.63,0.91,2,1,29,Pressure Drop,1.0,1
2025-02-28 11:37:00,27,75.86,98.39,38.59,1.29,1.54,2,1,36,Overheating,1.0,1
2025-02-25 21:43:00,27,93.16,61.52,63.58,1.22,0.68,2,1,5,Vibration Issue,1.0,1
2025-02-14 13:47:00,25,94.12,35.01,68.54,2.07,0.54,2,1,49,Electrical Fault,1.0,1
2025-02-18 14:51:00,46,93.54,60.77,50.47,2.52,4.87,2,1,44,Pressure Drop,1.0,1
2025-01-03 12:46:00,10,90.74,40.77,37.16,1.63,0.91,2,1,29,Pressure Drop,1.0,1
2025-02-21 09:56:00,30,75.71,90.97,70.06,4.34,1.19,2,1,26,Vibration Issue,1.0,1
2025-01-03 12:46:00,10,90.74,40.77,37.16,1.63,0.91,2,1,29,Pressure Drop,1.0,1
2025-01-26 10:01:00,10,95.34,65.47,73.51,1.16,4.85,2,1,27,Electrical Fault,1.0,1
2025-01-10 16:45:00,10,90.12,61.52,77.04,1.53,4.24,1,1,23,Normal,1.0,1
2025-02-16 23:18:00,37,94.18,54.65,78.9,3.22,4.74,2,1,26,Pressure Drop,1.0,1
2025-03-05 22:20:00,45,90.12,41.58,61.73,3.83,3.82,2,1,38,Electrical Fault,1.0,1
2025-01-03 12:46:00,10,90.74,40.77,37.16,1.63,0.91,2,1,29,Pressure Drop,1.0,1
2025-01-04 16:21:00,38,92.61,34.98,62.41,4.82,1.83,2,1,10,Overheating,1.0,1
2025-01-08 15:31:00,10,83.44,80.63,50.28,2.07,4.54,2,1,33,Electrical Fault,1.0,1
2025-01-21 03:29:00,13,93.49,84.76,39.78,4.41,3.19,2,1,4,Vibration Issue,1.0,1
2025-02-17 05:44:00,29,84.65,89.37,33.45,2.07,3.78,1,1,45,Normal,1.0,1
2025-01-11 15:25:00,16,79.2,49.49,57.33,1.18,3.62,2,0,486,Overheating,0.0,1
2025-02-25 21:43:00,27,93.16,61.52,63.58,1.22,0.68,2,1,5,Vibration Issue,1.0,1
2025-02-21 02:54:00,10,79.27,89.76,38.49,2.23,4.32,2,1,23,Overheating,1.0,1
2025-02-16 23:18:00,37,94.18,54.65,78.9,3.22,4.74,2,1,26,Pressure Drop,1.0,1
2025-02-24 01:37:00,45,90.05,59.49,57.26,4.69,2.38,2,1,4,Overheating,1.0,1
2025-02-25 21:43:00,27,93.16,61.52,63.58,1.22,0.68,2,1,5,Vibration Issue,1.0,1
2025-01-08 15:31:00,10,83.44,80.63,50.28,2.07,4.54,2,1,33,Electrical Fault,1.0,1
2025-02-24 01:37:00,45,90.05,59.49,57.26,4.69,2.38,2,1,4,Overheating,1.0,1
2025-02-10 02:03:00,27,61.27,91.97,32.1,1.68,4.69,2,1,30,Overheating,1.0,1
2025-02-11 02:05:00,44,68.46,35.21,38.5,3.67,1.95,2,0,308,Electrical Fault,0.0,1
2025-01-05 19:14:00,13,81.63,61.76,75.97,3.12,3.27,2,0,134,Electrical Fault,0.0,1
